{"type": "FeatureCollection", "features": [{"type": "Feature", "id": 1, "geometry": {"type": "Polygon", "coordinates": [[[-119.74671574286823, 34.45003728554914], [-119.74693634484132, 34.45003692076315], [-119.74716853499113, 34.450036536572966], [-119.74733294512853, 34.45003626342514], [-119.74749735526478, 34.450035990054594], [-119.7477461227759, 34.45003557607707], [-119.7479949000964, 34.45003516234981], [-119.74823429323953, 34.45003476341157], [-119.74828583540851, 34.450034677121955], [-119.74847312135452, 34.45003358048685], [-119.74848307495904, 34.45003352179836], [-119.74866610871732, 34.45003321829239], [-119.74884914245537, 34.450032913608965], [-119.74884914235174, 34.45003296049678], [-119.74884914409387, 34.4500487963156], [-119.74884899432239, 34.450111672987276], [-119.74884869893326, 34.45026897442992], [-119.74884846317403, 34.450395018087484], [-119.74894506260523, 34.45039503222437], [-119.74925257530957, 34.45039507574789], [-119.74950941656518, 34.4503951107132], [-119.74961443076151, 34.45039512560372], [-119.74970760158145, 34.45039513808325], [-119.74979831904079, 34.45039514980755], [-119.74988903651908, 34.450395162365425], [-119.7500263829508, 34.45039518123746], [-119.75016372827554, 34.450395199068424], [-119.75029786379396, 34.45039521706472], [-119.75043199931237, 34.4503952349128], [-119.75056045641134, 34.45039525159062], [-119.75068891459846, 34.450395268116665], [-119.75081283615474, 34.45039528415158], [-119.7509367587992, 34.45039530004415], [-119.75094688786986, 34.45039530173807], [-119.75094690093847, 34.4503885219702], [-119.7509472986088, 34.450174423445226], [-119.75095194625257, 34.45017442399648], [-119.75102498719168, 34.45017443292782], [-119.75102503823506, 34.45016692316898], [-119.75102876834954, 34.44967526009765], [-119.75103091131908, 34.44952972021822], [-119.75103177453362, 34.44931975808422], [-119.75103341443975, 34.44892097627272], [-119.75103528207966, 34.448489240003894], [-119.75018733438517, 34.44851427243733], [-119.74970350397471, 34.448515263126666], [-119.74919199863517, 34.44851631547452], [-119.74919198638838, 34.44850531901126], [-119.74919373138094, 34.448230539250446], [-119.74886218902546, 34.44823049313558], [-119.74886376342113, 34.44801080995122], [-119.74886653833458, 34.447856107389406], [-119.74930036778622, 34.44785517009522], [-119.74930117195291, 34.44760028006472], [-119.74930262757027, 34.447339201563025], [-119.74930309694834, 34.4471673249414], [-119.7497025407189, 34.447167701554974], [-119.75031256121856, 34.44716827511699], [-119.7504267789709, 34.447168381881305], [-119.75065651948825, 34.44716859609292], [-119.7509590253103, 34.447168879584915], [-119.75095873837944, 34.44722324299867], [-119.75095892700857, 34.447349492499534], [-119.75113527436639, 34.44734955308274], [-119.75113585546234, 34.44746246858432], [-119.75124743917513, 34.44746255038628], [-119.75143257283398, 34.447463098645954], [-119.75181434741609, 34.44746422562577], [-119.75181309968792, 34.447582618078144], [-119.75181201376022, 34.447702079365264], [-119.751812180699, 34.44773794859661], [-119.75143261084028, 34.44773686279889], [-119.75113447827434, 34.447736162983624], [-119.75113328771992, 34.44793204864859], [-119.75113242182123, 34.44813007106698], [-119.75115707539734, 34.44813012097341], [-119.75139349727613, 34.448130602563026], [-119.75159319458648, 34.44813100978985], [-119.75179289189877, 34.44813141668798], [-119.75199258919403, 34.44813182235611], [-119.75219228977456, 34.4481322285498], [-119.7523919870927, 34.44813263446196], [-119.7525916844507, 34.44813304184825], [-119.75279138177277, 34.448133447103096], [-119.75299107902083, 34.44813384842368], [-119.75319077531562, 34.44813425574105], [-119.75339047264353, 34.448134660009885], [-119.75358667494898, 34.44813505766175], [-119.75358701702469, 34.44817377992729], [-119.75358768168712, 34.44821464077652], [-119.75358884404267, 34.44830652209076], [-119.7535901047794, 34.44840617519536], [-119.75359102197507, 34.44847871583311], [-119.7535910666414, 34.448574736592626], [-119.75359120836555, 34.44859355850486], [-119.75359193753266, 34.44871076199193], [-119.75359299034095, 34.448830102243285], [-119.75359365265301, 34.44891767182867], [-119.75359473278266, 34.44904817964662], [-119.7535954457953, 34.44915236789859], [-119.75359648248859, 34.44925869471762], [-119.75359704215856, 34.44936831498198], [-119.75359811926131, 34.44953185606164], [-119.75359951894188, 34.44969753482162], [-119.75360126790578, 34.44992976998496], [-119.7536028711811, 34.450142839759145], [-119.75360539022465, 34.45047742294592], [-119.75360534126435, 34.45071617693711], [-119.75360561595147, 34.45095706768897], [-119.75360912476194, 34.451218490280205], [-119.75361295728237, 34.451482051433835], [-119.75374718588013, 34.45148221577594], [-119.75426522069523, 34.451482857006994], [-119.75484127606178, 34.45148356573277], [-119.75555927855645, 34.45148444681674], [-119.75555957928475, 34.45176037397283], [-119.75556020375514, 34.452038439685644], [-119.7555602726901, 34.452174786858464], [-119.75556066536647, 34.45231327259216], [-119.75639378063441, 34.45194390423505], [-119.75707028907055, 34.451644015996884], [-119.75729898967793, 34.45155888257799], [-119.75758632963236, 34.45147716593508], [-119.75787969456226, 34.45142080527364], [-119.7581768569304, 34.45139022595755], [-119.75955732494832, 34.45137828446536], [-119.75956815992394, 34.451378822512225], [-119.75958144168752, 34.45137843062565], [-119.75981539508837, 34.45138212001234], [-119.76004960381107, 34.45138794849276], [-119.76078848870283, 34.45138905832802], [-119.76095673047455, 34.45138927288658], [-119.76095662819878, 34.45133899593892], [-119.76132115190651, 34.45133863228952], [-119.76139218427461, 34.45122671749567], [-119.76120752212583, 34.4509779104473], [-119.76072258157603, 34.4503242611693], [-119.76021860549392, 34.44964554141003], [-119.76012075786788, 34.44951364854981], [-119.760025047743, 34.44913592094389], [-119.75991408364321, 34.449135143914454], [-119.75990165444632, 34.44862034401958], [-119.75988938731156, 34.448106612929244], [-119.76032771463674, 34.448099995105764], [-119.76076620381191, 34.448094444522646], [-119.7608625189604, 34.448089624862156], [-119.76109428528311, 34.448078029575385], [-119.76132605261033, 34.44806643292874], [-119.76155781662774, 34.44805483678816], [-119.76178957947353, 34.44804323931929], [-119.76202134989036, 34.44803164219849], [-119.76246501426395, 34.448009438668436], [-119.76251832078076, 34.447601929197276], [-119.76254619453906, 34.44738884480316], [-119.76255978935565, 34.44728259925871], [-119.76257370803884, 34.44717849225621], [-119.76258659015332, 34.44707770940885], [-119.7625997950497, 34.44697906511945], [-119.76261160332822, 34.44688647954684], [-119.76262373546245, 34.446796031615314], [-119.76264874955548, 34.446604801726], [-119.76267339493081, 34.446413537511205], [-119.76269803801682, 34.44622227332039], [-119.76272131077543, 34.44604160281864], [-119.76274248163604, 34.44587732620762], [-119.76275345795955, 34.44579213820961], [-119.76280788750293, 34.44572661975018], [-119.76287069193599, 34.44565101981477], [-119.76293349736217, 34.44557542073202], [-119.76293713317187, 34.445570823523084], [-119.76306445045212, 34.44540997160371], [-119.76319177355876, 34.4452491095388], [-119.76331908132276, 34.44508826558751], [-119.76342384443547, 34.444955909899576], [-119.76345512381205, 34.44488055146812], [-119.76350333020406, 34.44476442538236], [-119.76350370389878, 34.44470210969358], [-119.76350440148921, 34.44464193164535], [-119.76350632831266, 34.444541949890656], [-119.76350857795813, 34.4444441066932], [-119.7635089574213, 34.44431644115777], [-119.76350965970899, 34.444190914179224], [-119.76351013145758, 34.44404165519814], [-119.76351092711705, 34.44389453475775], [-119.76351305856721, 34.44379743263642], [-119.76351551497415, 34.443702467238204], [-119.76374006986295, 34.4437028166747], [-119.76403525013536, 34.44370413054725], [-119.76414126663741, 34.443290951294586], [-119.76424760597673, 34.44287990867487], [-119.764242462977, 34.442582417782916], [-119.76423764391987, 34.44228706452372], [-119.76445187649222, 34.44149445867867], [-119.76447728227804, 34.4413127928041], [-119.76447367742986, 34.441244161101565], [-119.76419032226518, 34.44125437642831], [-119.76390696592385, 34.441264590207716], [-119.76347338520934, 34.441280217805144], [-119.76303845476647, 34.441295893220904], [-119.76268904927781, 34.44131795158802], [-119.76212022355685, 34.44135874995952], [-119.76190064359065, 34.44137749830449], [-119.76145564882458, 34.441424664988205], [-119.76126886029618, 34.44144446437218], [-119.760794186816, 34.44151430620068], [-119.76062528547838, 34.44154161007791], [-119.76001507634341, 34.44164457631128], [-119.76001454750596, 34.44171218696997], [-119.75974405237247, 34.44171287852075], [-119.75947355725354, 34.441713570369906], [-119.75962050628749, 34.44113600938132], [-119.75976745328316, 34.44055844819144], [-119.75920534328453, 34.440479736600416], [-119.75864323326049, 34.44040102242035], [-119.75864043052064, 34.44032994629964], [-119.75863779073163, 34.4402599380886], [-119.75846768493014, 34.44023439383983], [-119.75829757923309, 34.44020884935258], [-119.75825768035763, 34.440202544355714], [-119.75818993883198, 34.440186992392235], [-119.75812381404303, 34.4401655913259], [-119.75812406451008, 34.440101373168474], [-119.75807467742695, 34.44007783240708], [-119.7579637122618, 34.43990956295328], [-119.75756125658532, 34.43970732429067], [-119.75735219857036, 34.43968177568663], [-119.7571202359901, 34.439653634396755], [-119.75647573147062, 34.43959925113258], [-119.75589350591305, 34.43948515668804], [-119.75546654737803, 34.43938799737846], [-119.75504967894045, 34.43925399660514], [-119.75503865197965, 34.439249901197286], [-119.75502394074624, 34.43924552908144], [-119.75502192163361, 34.439520736226314], [-119.75456049703062, 34.439027188245696], [-119.75455877196651, 34.43902552979482], [-119.75455514852686, 34.43902204498583], [-119.75436323387815, 34.4388374995914], [-119.75411131394571, 34.43862654994183], [-119.75356927722866, 34.438063729778236], [-119.75293626214768, 34.4374083906361], [-119.7526188639615, 34.436953760861044], [-119.75230179172972, 34.43650126792911], [-119.75253115285129, 34.436397976589326], [-119.75229132294528, 34.436234059592145], [-119.75222024531604, 34.43618547962623], [-119.75215449936363, 34.436141824121265], [-119.75208225391752, 34.43609385153234], [-119.75193217433015, 34.43599419726159], [-119.75176547054852, 34.43588350400447], [-119.75153808441098, 34.43573251600265], [-119.75131070018585, 34.43558152755737], [-119.75098402201066, 34.43535202715619], [-119.75033636632533, 34.43486343287943], [-119.7497904806934, 34.43438901287625], [-119.74924485625068, 34.433916729971635], [-119.74931475313038, 34.433489190605044], [-119.74920285895159, 34.43318574358636], [-119.74979164752243, 34.432648852421025], [-119.75020859222568, 34.432538333828546], [-119.75002126101262, 34.43213993105151], [-119.749915201401, 34.431912890155814], [-119.75019082299144, 34.43151347678676], [-119.75048883701979, 34.43108160981281], [-119.75045620132222, 34.43071689010216], [-119.75041504051262, 34.43025688054887], [-119.7506225621131, 34.429465558113826], [-119.75064277373144, 34.429427561649696], [-119.75137085387205, 34.42914956088034], [-119.7513680947177, 34.42860549061388], [-119.7505196172361, 34.427789274520876], [-119.7504483482914, 34.42766814150851], [-119.75024254793878, 34.42731834998147], [-119.75012161476359, 34.42711280219431], [-119.75002621576904, 34.42692146754743], [-119.75042809363522, 34.42692267896222], [-119.75041144796097, 34.42682749819232], [-119.75040348363176, 34.42657478194675], [-119.75046722567781, 34.42644729317537], [-119.75062938600296, 34.42651043954557], [-119.75171199385919, 34.42693200951022], [-119.7523083443376, 34.427080450535044], [-119.7527800734985, 34.42719786821559], [-119.75320693119119, 34.42730411549661], [-119.7532725624144, 34.42732045167907], [-119.75342875107047, 34.42694405395399], [-119.75445669975312, 34.42695227555785], [-119.75560337445901, 34.42696143627564], [-119.75591262254045, 34.42696390530058], [-119.75591275580152, 34.426945607748955], [-119.75591635522433, 34.42643383452881], [-119.75592027930044, 34.425924198038], [-119.75592391524307, 34.425408019634375], [-119.75592787476552, 34.424893978877094], [-119.75592579501341, 34.42484188660681], [-119.7559280743394, 34.42462929308625], [-119.75593368159969, 34.42410629207393], [-119.75593704662273, 34.42379238018265], [-119.75594142876089, 34.42338365099713], [-119.75594564199147, 34.42299070423525], [-119.75594973696614, 34.42260876847024], [-119.755951947001, 34.42240259665654], [-119.7559538912388, 34.42222133800875], [-119.75595503973382, 34.42211417325177], [-119.75596046003872, 34.421508881041845], [-119.75597251814129, 34.420932575821546], [-119.75598088520057, 34.42051124042545], [-119.75599020893904, 34.41982295402276], [-119.75599773815688, 34.41935285619795], [-119.75600604232058, 34.41883096105724], [-119.75601225042413, 34.418440747981194], [-119.75601539885398, 34.41823146531015], [-119.75601887086866, 34.418024320300894], [-119.75602467816968, 34.4176594839853], [-119.7560299351275, 34.417329132498566], [-119.75603427786109, 34.41704490526366], [-119.75603894414235, 34.41676281478686], [-119.75604306462027, 34.416503708373], [-119.75604733194227, 34.41623562197378], [-119.75605131075199, 34.41598543504476], [-119.75605428655729, 34.41578706765979], [-119.75605751739931, 34.41559083802793], [-119.7560580467313, 34.415561914043074], [-119.75605493681604, 34.41548871521587], [-119.75593915019594, 34.41553599602033], [-119.75594082067141, 34.4154526663238], [-119.75594510777445, 34.41470130558552], [-119.75594594378843, 34.414554756167554], [-119.75594664577802, 34.41443198914004], [-119.75605694039726, 34.41443123066891], [-119.75605634213458, 34.413822180603425], [-119.75605615636523, 34.41363346979359], [-119.75605575517854, 34.41322125252945], [-119.75605553139917, 34.412993840192286], [-119.75605464795974, 34.41209356883783], [-119.7560545801622, 34.41202450334952], [-119.75605391084663, 34.41133812942031], [-119.75605380453898, 34.410820894759375], [-119.75605329984992, 34.41071691328685], [-119.75605376052972, 34.41067467092278], [-119.75605922536074, 34.41017327532723], [-119.75606281104196, 34.40984438603156], [-119.75606452560616, 34.409687195040476], [-119.75606972042605, 34.409210411508624], [-119.7560722341179, 34.408979970461154], [-119.7560725099497, 34.408954711788226], [-119.75609927459871, 34.408714289791625], [-119.75610893333342, 34.40794684369905], [-119.75577553402354, 34.40773709182295], [-119.75577768603264, 34.40764264572703], [-119.7557867386001, 34.4072081718539], [-119.75581073737881, 34.406056169801836], [-119.75581349996166, 34.405920192365976], [-119.75581248795022, 34.40591976520442], [-119.75581163210154, 34.40591936643829], [-119.75581078886621, 34.4059189467513], [-119.75580956328058, 34.40591829636472], [-119.75580766783278, 34.40591724542069], [-119.75580586650155, 34.405916221065446], [-119.7558038060482, 34.40591503185106], [-119.7558012830761, 34.405913576129755], [-119.75579913451864, 34.40591233589456], [-119.75579793744154, 34.40591164452029], [-119.75579695951859, 34.40591107981225], [-119.7557957713888, 34.405910400030045], [-119.75579457034164, 34.40590972674647], [-119.75579328473775, 34.405909015915704], [-119.75579201288726, 34.40590833824729], [-119.75579120689409, 34.40590793064415], [-119.75578989132885, 34.40590729508528], [-119.75578880260638, 34.405906789687926], [-119.75578800185635, 34.405906424386984], [-119.75578665324265, 34.40590582086475], [-119.75578542264745, 34.40590529407835], [-119.75578457671517, 34.405904952874856], [-119.75578285670318, 34.40590432858193], [-119.7557819752008, 34.405904054616535], [-119.75578030020063, 34.40590360459448], [-119.75577827074657, 34.40590311191643], [-119.75577597210294, 34.4059025960861], [-119.75577378077814, 34.40590211386673], [-119.75577159964006, 34.405901650434714], [-119.75576881999034, 34.40590107484574], [-119.75576716209184, 34.40590076523528], [-119.75576548862142, 34.40590049101517], [-119.75576358054401, 34.40590028601332], [-119.75576161581087, 34.40590018011302], [-119.7557596425059, 34.40590013204329], [-119.75575667319522, 34.405900106509655], [-119.75575382507525, 34.405900101762775], [-119.7557512935212, 34.405900096940655], [-119.75574874456674, 34.40590009237036], [-119.75574588042343, 34.405900049985505], [-119.75574481814016, 34.405900024791336], [-119.75574288009665, 34.40589994645592], [-119.75574095835181, 34.40589981558796], [-119.75573906821153, 34.405899584177746], [-119.75573814195937, 34.40589940643633], [-119.7557372374244, 34.40589917518228], [-119.75573546816547, 34.40589858856986], [-119.75573373060618, 34.4058979059222], [-119.75573186213481, 34.40589710254371], [-119.75572985681508, 34.405896206472065], [-119.75572782642992, 34.40589525666346], [-119.75572612979289, 34.40589439940217], [-119.75572456998023, 34.4058934788468], [-119.75572310945068, 34.405892417096034], [-119.75572105807358, 34.405890677734384], [-119.75571907594218, 34.40588886884371], [-119.7557176069115, 34.40588750696218], [-119.75571565635654, 34.40588569941764], [-119.75571328752034, 34.40588350480409], [-119.75571147529573, 34.405881860260955], [-119.7557096395254, 34.40588023409198], [-119.75570766543478, 34.40587854861256], [-119.75570566781755, 34.40587688240868], [-119.75570365524094, 34.40587522904464], [-119.75570022088293, 34.40587254582839], [-119.75569718189254, 34.405870452887086], [-119.75569407354274, 34.40586842406626], [-119.75569094498601, 34.405866417177876], [-119.75568936854305, 34.405865430139734], [-119.75568695523916, 34.405864016108055], [-119.75568445564093, 34.40586279177336], [-119.75568051178537, 34.40586117448579], [-119.755674989118, 34.405859025533914], [-119.75567134772893, 34.40585761665932], [-119.75566437036156, 34.40585494055746], [-119.75566062555795, 34.40585358006631], [-119.75565447390592, 34.405851369890364], [-119.75564952057798, 34.40584954901468], [-119.75564401903586, 34.40584737000068], [-119.75563914892554, 34.405845419883576], [-119.75563398201037, 34.405843323485676], [-119.75562961381155, 34.40584149594099], [-119.75562407069263, 34.40583915072039], [-119.75561915211456, 34.40583706875976], [-119.7556138642948, 34.40583496509482], [-119.75560936019868, 34.40583350288717], [-119.7556057167604, 34.405832409622356], [-119.75560190718197, 34.40583127908964], [-119.75559780094595, 34.40583006088211], [-119.75559364655484, 34.40582882894502], [-119.75558929798072, 34.40582751957102], [-119.75558399963373, 34.405825793854056], [-119.75558139243941, 34.40582488395212], [-119.75557884558155, 34.40582389473187], [-119.75557568412316, 34.40582223635883], [-119.755572063391, 34.405819691086776], [-119.75557064749131, 34.40581863049147], [-119.75556742274313, 34.40581618858764], [-119.75556359770347, 34.4058132919196], [-119.75556080612894, 34.405811117849936], [-119.75555735179428, 34.40580831229277], [-119.75555476997518, 34.405806180269416], [-119.75555159914367, 34.40580356085865], [-119.75555049643826, 34.40580264991327], [-119.75554771171726, 34.40580043967753], [-119.75554473116058, 34.40579848654592], [-119.7555421635555, 34.405797390327386], [-119.7555385280268, 34.40579620768149], [-119.75553489811625, 34.40579513676032], [-119.75552927986352, 34.405793458952196], [-119.75552669775512, 34.40579260368735], [-119.75552354695563, 34.40579124451085], [-119.75552065780435, 34.405789344155146], [-119.7555182727908, 34.40578782692107], [-119.75551586439788, 34.40578638756841], [-119.75551363304872, 34.405785089918716], [-119.75551029125846, 34.40578318529572], [-119.75550883012077, 34.405782352573695], [-119.75550641177882, 34.40578100894117], [-119.75550395122758, 34.40577972723277], [-119.75550226176138, 34.40577895191598], [-119.75549876900429, 34.4057775751477], [-119.7554951589415, 34.40577625868573], [-119.7554889973409, 34.405774040530616], [-119.75548544764324, 34.40577274934264], [-119.75548280056465, 34.405771753456364], [-119.7554792849749, 34.405770325623294], [-119.75547666576387, 34.40576920670726], [-119.75547346324444, 34.40576781942498], [-119.75546895973446, 34.40576586850231], [-119.75546621722006, 34.40576468013967], [-119.7554618725226, 34.40576278011576], [-119.75545682259538, 34.40576045299446], [-119.75545072240297, 34.40575753515961], [-119.75544610083851, 34.40575529921623], [-119.7554422672656, 34.40575333949592], [-119.75543782929434, 34.40575098818662], [-119.75543410930439, 34.40574899796854], [-119.75542931876623, 34.40574643536367], [-119.75542482308568, 34.40574402988786], [-119.755422380189, 34.405742708249115], [-119.75541752401561, 34.40573997347463], [-119.75541340618248, 34.405737585070185], [-119.7554062652326, 34.405733443414285], [-119.75540134241726, 34.405730695177255], [-119.75539552974023, 34.405727534236846], [-119.75538535022554, 34.40572240326031], [-119.75537713105416, 34.405718563939935], [-119.75536858521203, 34.4057148645973], [-119.75535819347324, 34.405710813276364], [-119.75534900536469, 34.405707299955594], [-119.75534321382685, 34.40570498717165], [-119.75533367532402, 34.40570090095589], [-119.75532660186659, 34.4056977420328], [-119.75531926621784, 34.40569401434861], [-119.755308209761, 34.405687741029524], [-119.75530197044955, 34.40568405427916], [-119.75529732712077, 34.40568124969592], [-119.75527982208435, 34.40567080575458], [-119.7552728725243, 34.40566760412694], [-119.75526558100306, 34.40566528453168], [-119.75525305573353, 34.40566153097704], [-119.75524656199076, 34.40565963284988], [-119.75524032814577, 34.40565700401771], [-119.75522690561031, 34.40564933670563], [-119.75521525295258, 34.405641511229355], [-119.75520938721061, 34.405637491654204], [-119.75520304487745, 34.40563427626571], [-119.7551852596542, 34.405626280775074], [-119.75517067412922, 34.405619177599874], [-119.7551644189754, 34.40561631394945], [-119.75515864788376, 34.40561256936077], [-119.75514936456946, 34.405601231869824], [-119.75514940841738, 34.405601196070286], [-119.75514731393226, 34.40559916938513], [-119.7551450178084, 34.405597374354215], [-119.75513369438083, 34.40559149169714], [-119.75511653022043, 34.405584523218145], [-119.75510230584231, 34.4055791739523], [-119.75508642047362, 34.405573832495335], [-119.75507248740027, 34.405569865767525], [-119.75506419258691, 34.40556723925681], [-119.75505647557239, 34.405563220528904], [-119.75504579922945, 34.40555639888378], [-119.75503463892439, 34.40554684679324], [-119.75502142682635, 34.40553558599107], [-119.75501610364778, 34.405531580767715], [-119.75501034859859, 34.40552822555488], [-119.75499371787427, 34.40552075793216], [-119.75497605192808, 34.405511554259995], [-119.75497237604569, 34.405509799512], [-119.75496895368737, 34.40550759073053], [-119.75496584063418, 34.40550496391653], [-119.75496297716981, 34.40550169986161], [-119.7549586906233, 34.405496259049535], [-119.75495732520584, 34.40549389449415], [-119.75495559571668, 34.405491781592296], [-119.75495354759462, 34.40548997585614], [-119.75495131251546, 34.40548856671518], [-119.75494889065028, 34.40548751038843], [-119.75494633728499, 34.40548683098956], [-119.75494371070737, 34.40548654402774], [-119.75492440471788, 34.40548510666372], [-119.7549058869747, 34.4054830799231], [-119.75490122067188, 34.405481842124615], [-119.75489670747776, 34.405480128180095], [-119.75488696109669, 34.40547603502001], [-119.75487379729273, 34.405471093259166], [-119.75486105473861, 34.405464872252594], [-119.75485721118086, 34.405462488877056], [-119.75485074553247, 34.40545802273593], [-119.75485078478344, 34.405457975281465], [-119.75484306870676, 34.4054530214028], [-119.75483030731243, 34.40544693862013], [-119.75481478244791, 34.405442389882836], [-119.75480194062865, 34.40543827298472], [-119.75478702042363, 34.40543190765952], [-119.75477467991527, 34.405425560904774], [-119.75476370971194, 34.40541914382616], [-119.75475293413453, 34.405412205473915], [-119.75473859854306, 34.40540513740248], [-119.75472389468564, 34.40539824867942], [-119.75470067850074, 34.40538930020568], [-119.75468369026092, 34.40538133188157], [-119.754665603221, 34.40537139759975], [-119.75465849849625, 34.40536983423581], [-119.75465123250093, 34.40536947852201], [-119.75464674339256, 34.405370063113416], [-119.75464221932425, 34.4053698998736], [-119.75463778402207, 34.40536899326691], [-119.75462573548408, 34.405364318464], [-119.75461896467041, 34.40536135600007], [-119.75461179860186, 34.40535954835747], [-119.75458568884045, 34.40535401304888], [-119.75457804886685, 34.405352057543915], [-119.75457067638392, 34.405349257598985], [-119.75457063574689, 34.40534923925204], [-119.75456744992938, 34.405347713750125], [-119.7545674431438, 34.40534764983024], [-119.7545596692306, 34.40534284103686], [-119.75454819515696, 34.40533527710115], [-119.75454396315497, 34.40533279922144], [-119.75453944034558, 34.40533090345672], [-119.75453470635874, 34.405329623184414], [-119.75451683564741, 34.40532515523813], [-119.75449831844037, 34.405321550518046], [-119.75448229713513, 34.40532044245408], [-119.75447328571046, 34.40532009715135], [-119.75446441099382, 34.405318495772946], [-119.75445422175102, 34.40531474256169], [-119.75444458431389, 34.40530973985549], [-119.75442917488301, 34.40529930604878], [-119.75442433872352, 34.4052956771121], [-119.75441903243252, 34.405292778682195], [-119.75441377153744, 34.405290871675426], [-119.7544083239461, 34.40528959205035], [-119.75439358310567, 34.405285903824655], [-119.75438609147243, 34.405283305269506], [-119.75437903176419, 34.40527969451099], [-119.75436489803056, 34.40527332406779], [-119.75434987548594, 34.40526984458993], [-119.7543345510691, 34.40526690777024], [-119.75431685388595, 34.4052653063757], [-119.75429816102375, 34.40526431087411], [-119.75429304517512, 34.4052635759229], [-119.75428806083893, 34.40526220900911], [-119.75428328576413, 34.405260231454754], [-119.75426965191225, 34.40525621161732], [-119.75424125282807, 34.40524977252687], [-119.75422727338392, 34.405245872195465], [-119.75422216363518, 34.4052437180751], [-119.7542173603332, 34.40524094714439], [-119.75421293757665, 34.40523760214943], [-119.75420296361588, 34.4052270896826], [-119.75419971956471, 34.4052233787575], [-119.75419600299337, 34.40522014117653], [-119.75419578300841, 34.40521997484628], [-119.75419268714893, 34.405217864657466], [-119.75419217780536, 34.405217543820456], [-119.75417877247988, 34.405210530752875], [-119.75415107245549, 34.405198594008624], [-119.7541319087996, 34.405190221574685], [-119.75412655683043, 34.405187351837384], [-119.7541216931392, 34.405183715427924], [-119.75411742668744, 34.405179393813], [-119.7541129120269, 34.40517525303402], [-119.75410793699396, 34.40517167850499], [-119.7540997972309, 34.4051690610985], [-119.75409142133414, 34.40516734327624], [-119.75407197096756, 34.405165192847626], [-119.75406148913689, 34.40516253665722], [-119.7540513186704, 34.405158864364545], [-119.75403292674618, 34.40514658556841], [-119.75402381115227, 34.40514131602813], [-119.75401419296749, 34.40513703203132], [-119.75399201137826, 34.40513469207413], [-119.7539852316428, 34.40513389003685], [-119.75397857644461, 34.40513236806001], [-119.75397329445579, 34.40513058883905], [-119.75397336112678, 34.40513034532735], [-119.75396562148826, 34.40512666069274], [-119.7539582603222, 34.40512226845291], [-119.7539529897168, 34.405119358481855], [-119.75394740690359, 34.40511710472731], [-119.75393104748177, 34.405111767272984], [-119.75392746878059, 34.40510972361819], [-119.75392416935753, 34.40510725431978], [-119.75392119956155, 34.40510439705905], [-119.75392130374141, 34.40510433333743], [-119.75391971495229, 34.40510316461837], [-119.75391799156144, 34.405102205410856], [-119.7539161610413, 34.40510147100556], [-119.75390308325895, 34.4050974575111], [-119.75388345405254, 34.405092030291435], [-119.75387285114297, 34.40508729393082], [-119.75386177112131, 34.40508170067698], [-119.75385033571334, 34.40507322994616], [-119.75383552786987, 34.40506299745195], [-119.7538314410513, 34.405060431080436], [-119.75382699031556, 34.40505856579227], [-119.75382229490904, 34.405057451563216], [-119.75380622459987, 34.4050544262827], [-119.75380245955603, 34.4050537357385], [-119.75379863409535, 34.405053600620214], [-119.75379482971367, 34.40505402380635], [-119.75379112745782, 34.40505499628155], [-119.75377794901762, 34.40505942920375], [-119.75377619285403, 34.405060013082014], [-119.75377436648505, 34.405060312081424], [-119.7537725158147, 34.40506031868691], [-119.75377068735786, 34.40506003273245], [-119.75376892707108, 34.40505946140524], [-119.75375435565982, 34.40505265630892], [-119.75373948606723, 34.4050434688218], [-119.75372492599786, 34.40503363667589], [-119.75370195254573, 34.40502246280606], [-119.75367480259708, 34.405010811941516], [-119.75365657595793, 34.40500043771599], [-119.75364777031848, 34.404995605645475], [-119.753638383152, 34.40499203223012], [-119.75362940227154, 34.404989260557734], [-119.75362194985273, 34.404987265654015], [-119.75362119529115, 34.40498707820034], [-119.75362122250405, 34.40498702731369], [-119.75361353265163, 34.40498398540594], [-119.75359799783787, 34.4049750807258], [-119.75358354348461, 34.404967478649894], [-119.75356256867549, 34.404958589518046], [-119.75355396444, 34.40495504494913], [-119.75354572102378, 34.40495072720365], [-119.75352477022281, 34.40493843033438], [-119.75351586888068, 34.40493464353386], [-119.75350663060298, 34.40493177508916], [-119.75349255460077, 34.40492860641744], [-119.75348597574323, 34.40492524139048], [-119.75347991605152, 34.40492101233512], [-119.75346744087422, 34.40491136009798], [-119.75346457605426, 34.40490918389388], [-119.7534614283961, 34.40490744168096], [-119.75345806315951, 34.40490616958017], [-119.75344146575893, 34.40489970391529], [-119.75342779818858, 34.40489092459423], [-119.7534252591623, 34.40488943285243], [-119.75342254043136, 34.404888301282654], [-119.7534196927897, 34.40488755102598], [-119.75341676943971, 34.404887196099395], [-119.75341131619693, 34.404886764217686], [-119.75340595448435, 34.404885679590144], [-119.75340076214562, 34.40488395796384], [-119.75337867897828, 34.404876935039326], [-119.75336372449485, 34.40487280225317], [-119.75334925459612, 34.40486720417073], [-119.7533244924424, 34.40485466843512], [-119.75329653203737, 34.40484368381297], [-119.75324235137485, 34.40482639787282], [-119.75319226568293, 34.40481114185614], [-119.75314335853064, 34.404797764976834], [-119.75312031223265, 34.4047905974503], [-119.7530981970015, 34.404780931952956], [-119.7530883395471, 34.40477565489189], [-119.75307779648365, 34.40477193191004], [-119.75306681113112, 34.404769848928886], [-119.75302424072456, 34.404754352551905], [-119.75297967986239, 34.404734682284904], [-119.75293241690166, 34.40471605010553], [-119.7528867366049, 34.40469720297555], [-119.75287903338382, 34.404693598500664], [-119.75287198988637, 34.40468883184587], [-119.75286578001885, 34.40468302070143], [-119.7528631323854, 34.40467917146428], [-119.75285997365388, 34.40467572922596], [-119.75285636560056, 34.40467276130736], [-119.75285237878927, 34.40467032575299], [-119.75284809119125, 34.404668470195716], [-119.75281408804939, 34.40465232062792], [-119.75280362047879, 34.404645406049475], [-119.75279239944057, 34.40463979626064], [-119.7527816828928, 34.404635982637984], [-119.75277150923728, 34.40463089492271], [-119.75276202928781, 34.4046246085349], [-119.7527573196844, 34.40462138734442], [-119.75274591221155, 34.404613977365024], [-119.7527354871564, 34.404608433151026], [-119.75273224125924, 34.40460678945072], [-119.75273226275047, 34.404606725122036], [-119.75272793612507, 34.404605081552184], [-119.7527234312848, 34.404604019750224], [-119.75271050941836, 34.404601515963684], [-119.75269233221472, 34.404595032457706], [-119.75268637548935, 34.4045922771269], [-119.75268076606406, 34.404588869961955], [-119.75267183372712, 34.404580646065426], [-119.75266664545305, 34.4045774284829], [-119.75266112016273, 34.40457483190979], [-119.75264482708627, 34.40456777836315], [-119.75262169386292, 34.404561148276535], [-119.7525911688333, 34.404551574695844], [-119.75255291975944, 34.40453505452672], [-119.75253031502497, 34.40452546654442], [-119.75252516017503, 34.40452259238937], [-119.7525204646267, 34.40451901676759], [-119.75251632314675, 34.4045148118432], [-119.75251110056858, 34.40451041964992], [-119.75250526246529, 34.404506886487795], [-119.75249894885174, 34.40450429709244], [-119.75246592885391, 34.40448714589945], [-119.75243513708716, 34.40447052693629], [-119.75240532480099, 34.404452996656076], [-119.75238880272204, 34.404444363065494], [-119.75237316141565, 34.40443338414306], [-119.75234987730126, 34.40441988822158], [-119.75231992542942, 34.40440570149975], [-119.75229197754956, 34.404390282091995], [-119.75226638017924, 34.404377071146875], [-119.75224391709624, 34.40436309447655], [-119.75223774485342, 34.40435845178379], [-119.75223096227207, 34.404354757495284], [-119.75222371398189, 34.40435209038693], [-119.7522172604303, 34.40435005030773], [-119.75220658423375, 34.4043471993379], [-119.75220046326885, 34.4043457245034], [-119.75219449579339, 34.40434371687181], [-119.75217934444476, 34.404338031719696], [-119.75216438952583, 34.4043329965311], [-119.75214669917112, 34.40432720830502], [-119.75212659999343, 34.404323110334985], [-119.752117721519, 34.404321282433386], [-119.75210905966115, 34.40431861021497], [-119.75209209754797, 34.4043126374376], [-119.752085807565, 34.404310762678314], [-119.75207932413828, 34.40430974101977], [-119.75205776593738, 34.404306614472176], [-119.75205744385205, 34.40430655871455], [-119.75205275826772, 34.40430566704646], [-119.7520476788183, 34.40430450601357], [-119.75204277670431, 34.40430274020436], [-119.75203307301729, 34.40429890497893], [-119.75202017034718, 34.40429518990958], [-119.75200686612091, 34.4042910541543], [-119.75200440327599, 34.40429020256], [-119.75200207452231, 34.40428903306256], [-119.75199992068285, 34.40428756616326], [-119.75199797951437, 34.40428582757679], [-119.75198990266998, 34.40427829276443], [-119.75198444456775, 34.404274514681944], [-119.75197850082978, 34.40427155887986], [-119.75197352788032, 34.404269271997464], [-119.75196830875822, 34.40426762250607], [-119.75196135192523, 34.40426598954814], [-119.75195422492801, 34.404265469944995], [-119.75194709721444, 34.40426541571782], [-119.75194000222042, 34.404264731392324], [-119.75193454650795, 34.404263644052634], [-119.75192933730762, 34.404261691787795], [-119.7519198533942, 34.40425749541822], [-119.75190001050245, 34.40424887457535], [-119.75187639454002, 34.404240542672326], [-119.7518549191782, 34.4042330255988], [-119.75183333880655, 34.40422372204164], [-119.75180695118539, 34.40421332749022], [-119.75177549997152, 34.40420211884836], [-119.75174859610622, 34.40419391917567], [-119.75173569442944, 34.404192199583015], [-119.75172323836084, 34.40418842378938], [-119.7517101076919, 34.404183176449806], [-119.7517087837976, 34.40418276277672], [-119.75170744658065, 34.404182388067476], [-119.7517074514117, 34.404182359144514], [-119.75170238815572, 34.40418114741869], [-119.75169181212682, 34.404178971203926], [-119.75168258899875, 34.40417579443577], [-119.75167417556688, 34.40417247883593], [-119.75166242054209, 34.4041661224108], [-119.75164815428386, 34.40415891412285], [-119.75163487836697, 34.4041540015869], [-119.75162507528995, 34.40415102607841], [-119.75161503622692, 34.40414898373083], [-119.7515947069706, 34.40414568426347], [-119.75157673889186, 34.40414256708481], [-119.75154787177789, 34.40413489705145], [-119.75151593412015, 34.40412931633386], [-119.75150684088598, 34.40412895665979], [-119.75149781187291, 34.40413009384763], [-119.75149093342878, 34.40413110889701], [-119.7514839846854, 34.40413135031807], [-119.75147942849098, 34.40413073476855], [-119.75147501850287, 34.404129434840236], [-119.75147085689791, 34.4041274806517], [-119.75145330461586, 34.404119666099014], [-119.75144613561471, 34.40411663145779], [-119.7514394406722, 34.40411265888058], [-119.75143334179863, 34.404107820764615], [-119.75142171407111, 34.40409654841712], [-119.75141806817489, 34.40409303720126], [-119.75141394995792, 34.40409009416111], [-119.75140944716703, 34.40408778200402], [-119.75139989021763, 34.40408516046689], [-119.75139013056757, 34.404083440882765], [-119.75135779271356, 34.404077502534165], [-119.7513258778048, 34.40407424412112], [-119.7512965915408, 34.40407819890519], [-119.75128468639274, 34.40407844524171], [-119.75127291867832, 34.404076624766724], [-119.75125419338798, 34.40407081168582], [-119.75125011635964, 34.40406915062056], [-119.75124584689848, 34.40406807684251], [-119.75124146914044, 34.404067611512055], [-119.75123184867026, 34.4040680028139], [-119.7512223126468, 34.40406933353556], [-119.75121602292623, 34.404069924365544], [-119.75120970991514, 34.40406968866204], [-119.7511823205152, 34.40406684904735], [-119.75116861908187, 34.40406646742113], [-119.75115495856564, 34.404067592236686], [-119.75115458869244, 34.404067643562996], [-119.75115468247176, 34.40406760253551], [-119.75114372163391, 34.404067094496185], [-119.75113589219816, 34.404066516310294], [-119.75112821071745, 34.404064894824174], [-119.7511121866726, 34.40405955395497], [-119.75109671787685, 34.40405532132353], [-119.75107395656116, 34.404051932461186], [-119.75106060657743, 34.40405089447459], [-119.75104717181455, 34.40405058445077], [-119.75102793327234, 34.40405119768191], [-119.75100759094903, 34.40405027598936], [-119.75098489375189, 34.40404786719324], [-119.75096840843057, 34.40404547418895], [-119.75095848796823, 34.40404524464231], [-119.75094862726132, 34.40404635582346], [-119.7509309417586, 34.40405026292827], [-119.75092104693962, 34.404051977402176], [-119.75090906837347, 34.40405234159809], [-119.75089713142911, 34.404051279503506], [-119.75088711119146, 34.404048838220106], [-119.75087771441318, 34.40404655834791], [-119.75087833424595, 34.404046598989474], [-119.7508586914425, 34.404042832344835], [-119.7508379679719, 34.40403852677818], [-119.75081423399546, 34.40403456132246], [-119.75079173962504, 34.404034142235716], [-119.75077410292525, 34.40403560961612], [-119.75076524067754, 34.40403600630163], [-119.75075640000576, 34.404035271920186], [-119.75073113518799, 34.40403196692768], [-119.75071777286252, 34.40402982364358], [-119.75071187585397, 34.404028586542374], [-119.75070615332362, 34.40402670033567], [-119.75070465906795, 34.404026313398035], [-119.7507031251295, 34.404026141486476], [-119.75070158229039, 34.40402618805083], [-119.75070006151137, 34.40402645215665], [-119.75069859331046, 34.40402692850405], [-119.75069753211936, 34.404027440299885], [-119.75069654581127, 34.40402808470493], [-119.75069565086609, 34.40402885095206], [-119.75068472783573, 34.40403904505827], [-119.75068212323673, 34.404040476503404], [-119.75067933180425, 34.404041496736646], [-119.75067641800784, 34.4040420821952], [-119.75067344914314, 34.4040422193576], [-119.75067049377756, 34.40404190505602], [-119.75066730812324, 34.404040756759656], [-119.75066434303972, 34.404039121138126], [-119.7506616725152, 34.40403703900536], [-119.75065994222071, 34.404035404025656], [-119.75065404791063, 34.404031714712616], [-119.75064775244756, 34.40402876156736], [-119.75064114734161, 34.404026587516434], [-119.75061988286784, 34.40402262694498], [-119.75059811654107, 34.40402180689186], [-119.75057463098618, 34.40402324326905], [-119.75055093119273, 34.40402380271209], [-119.75053325238261, 34.40402228255619], [-119.75051357555182, 34.40401896627669], [-119.75050281854827, 34.40401615951568], [-119.7504923615514, 34.404012385625194], [-119.75047265950724, 34.404005436003736], [-119.75046107889972, 34.40400256285162], [-119.75044924968644, 34.404001002343065], [-119.75042409473588, 34.40399728183787], [-119.7504126231874, 34.40399531934323], [-119.75040149015766, 34.40399192766837], [-119.75039116571772, 34.40398815181969], [-119.75038051705293, 34.40398542106312], [-119.7503711039636, 34.40398474544468], [-119.75035554199917, 34.403984204568374], [-119.75034788954522, 34.40398463995641], [-119.75034031951272, 34.403985841714345], [-119.75033353339387, 34.403986548654125], [-119.7503267142836, 34.40398632302608], [-119.75032223021157, 34.40398623898767], [-119.75031780989686, 34.40398548084365], [-119.75031355409737, 34.40398406587537], [-119.75029988805915, 34.40397906415142], [-119.7502771961844, 34.403970434578014], [-119.75025790399664, 34.40396279825107], [-119.75024971793164, 34.40396033713666], [-119.75024126350365, 34.40395907563295], [-119.75021057903896, 34.40395612827432], [-119.75019052057738, 34.40395380386973], [-119.75018769361611, 34.40395311905711], [-119.75018498740893, 34.4039520526984], [-119.75018245318375, 34.40395062497956], [-119.750180138913, 34.403948862927024], [-119.7501708836237, 34.403940112432664], [-119.75016351483791, 34.4039357856757], [-119.75015568790073, 34.403932356552744], [-119.75015028669053, 34.40393131554628], [-119.75013480237209, 34.403929188398735], [-119.75012042637017, 34.40392731124338], [-119.75011372731356, 34.40392662979529], [-119.75011366637277, 34.403926525180374], [-119.75010452170275, 34.40392676806792], [-119.75010199628211, 34.40392720755971], [-119.75007980311912, 34.40393019858937], [-119.7500701825114, 34.40393107160669], [-119.75006054110828, 34.403930470276066], [-119.7500399394509, 34.403925797642685], [-119.7500312634985, 34.403924269805515], [-119.75002246775722, 34.403923778509366], [-119.74999848549061, 34.40392311115237], [-119.74998894669326, 34.403924045101036], [-119.74997962228743, 34.40392626239003], [-119.74996162002886, 34.40393378598375], [-119.74995146996476, 34.40393551581171], [-119.7499411767533, 34.403935772529074], [-119.74990865876521, 34.40393362788585], [-119.74987194682049, 34.40393063758565], [-119.74985609782478, 34.403929335995784], [-119.74984021462834, 34.403930116298184], [-119.74982080630603, 34.40393212305301], [-119.74982071611889, 34.40393212796112], [-119.74981701971036, 34.40393210190963], [-119.74981334202332, 34.40393172944122], [-119.74980855211925, 34.40393038586768], [-119.7498039471768, 34.403928503614786], [-119.74979402601447, 34.40392518349464], [-119.74978786633524, 34.403924994114924], [-119.74978171420672, 34.40392535304075], [-119.74976745702378, 34.40392685355931], [-119.7497619093774, 34.403927000737255], [-119.74975638117748, 34.40392651386206], [-119.74973772030359, 34.403922932135174], [-119.74972328168985, 34.403920145157514], [-119.74971765432436, 34.40391904366173], [-119.74971193358466, 34.40391865165041], [-119.74969265785238, 34.40391930578145], [-119.74967676687717, 34.4039198804136], [-119.74967065953672, 34.40391884115318], [-119.74966467759094, 34.403917229944156], [-119.74964800692098, 34.403912638478126], [-119.7496422636077, 34.403911875407715], [-119.74963647086715, 34.40391198532014], [-119.74962664442053, 34.40391193144383], [-119.74962180867584, 34.40391145140463], [-119.74961703766071, 34.40391052821508], [-119.74959992683063, 34.403906940331886], [-119.7495829793778, 34.403903569193005], [-119.74955030171363, 34.40389625482325], [-119.74952069514431, 34.40388671952264], [-119.74950096598202, 34.40388059696037], [-119.74948744430446, 34.403873401122084], [-119.74948100816226, 34.40387050769143], [-119.7494742896586, 34.403868349549704], [-119.74945431517527, 34.403865515274866], [-119.74945408581519, 34.40386547169749], [-119.74945057240801, 34.40386476048217], [-119.74943749561646, 34.40386206923598], [-119.74943057377014, 34.40386045642568], [-119.74942388619016, 34.40385805031106], [-119.74941288814198, 34.40385436970327], [-119.74939868735012, 34.40385239075215], [-119.74938108816049, 34.40385061861841], [-119.74937291611674, 34.4038498316822], [-119.74936487098873, 34.40384819538059], [-119.7493445393719, 34.403842755026275], [-119.74932583005975, 34.403838004479454], [-119.74930757004492, 34.4038341355854], [-119.74930183154463, 34.40383367752614], [-119.74929608044357, 34.40383393255626], [-119.74928957436629, 34.403833831698826], [-119.74928311919258, 34.403833013196284], [-119.74927548614177, 34.4038320721285], [-119.74926802630098, 34.403830201340284], [-119.74926438711685, 34.4038289915115], [-119.74926258420562, 34.40382835209331], [-119.74925198914065, 34.403824072364024], [-119.74923786600864, 34.40381802036745], [-119.7492321060207, 34.40381574664298], [-119.74922611207181, 34.403814191052845], [-119.74922163732663, 34.40381341134097], [-119.74921710922932, 34.403813054087884], [-119.749210640027, 34.40381274977583], [-119.74918719420579, 34.40381037759232], [-119.74916995768275, 34.403807588531514], [-119.74914903163565, 34.403803782416325], [-119.74912133299063, 34.40379734556044], [-119.7490970612413, 34.40379154092377], [-119.74907769303617, 34.403789188346295], [-119.74906168817581, 34.40379034791628], [-119.74905093476178, 34.403790701390555], [-119.74904474108239, 34.40378927142782], [-119.74903608864125, 34.40378617098501], [-119.74902344583025, 34.40378394643258], [-119.74901062679393, 34.40378326701273], [-119.74899596874958, 34.40378256505204], [-119.74898187951354, 34.40378159791172], [-119.74896585503781, 34.40378177133354], [-119.74894579777147, 34.403782038985604], [-119.74892531926857, 34.40378115497564], [-119.74890389563173, 34.40378193824221], [-119.7489032349032, 34.40378197031339], [-119.74888894121878, 34.40378276795881], [-119.74887297082243, 34.40378189015199], [-119.74885475169982, 34.40377950112969], [-119.74883194303766, 34.40377846045992], [-119.74881132974572, 34.40377690753814], [-119.74879248470914, 34.4037738251387], [-119.7487749100191, 34.403769798408696], [-119.74877029895805, 34.4037686188114], [-119.74875832102227, 34.40376556991512], [-119.74875062622729, 34.40376446152297], [-119.74874285267728, 34.40376456312641], [-119.74873528137597, 34.40376517456313], [-119.74872770834251, 34.40376458496784], [-119.74871434417196, 34.40376131260992], [-119.74869969736702, 34.40375627435837], [-119.74868710785017, 34.403752955661226], [-119.74867726264078, 34.40375273246631], [-119.74866454490723, 34.40374978349397], [-119.74864928732553, 34.40374555021195], [-119.74864130688042, 34.40374389165598], [-119.74863319918205, 34.40374305288327], [-119.7486165819246, 34.40374141615486], [-119.74860754552886, 34.403739249930574], [-119.74859771846616, 34.40373631516966], [-119.74859766590659, 34.403736298795984], [-119.74858656899328, 34.403733554563274], [-119.74856645267779, 34.40372826155249], [-119.74854343994582, 34.403723768602255], [-119.74851034521902, 34.40371756630796], [-119.74848224367558, 34.40371183210158], [-119.74845545373852, 34.403707585653855], [-119.7484317104184, 34.40370357929468], [-119.74842069626096, 34.40370006859624], [-119.74841009036363, 34.40369546950835], [-119.7483856741276, 34.40368713043836], [-119.74838567027862, 34.403687102542364], [-119.74837727228734, 34.40368508398538], [-119.74836179656825, 34.403682429016406], [-119.7483377636817, 34.40367639086115], [-119.74832081467923, 34.40367252636042], [-119.74829877652274, 34.40366667854118], [-119.74827598844813, 34.403658634261404], [-119.74825740510008, 34.40365262391651], [-119.74824660268095, 34.40364943624751], [-119.74823549950813, 34.40364754599739], [-119.74821023048439, 34.40364190433703], [-119.74820219114802, 34.40363914393935], [-119.74819529035003, 34.40363636352015], [-119.74817919927224, 34.40363056248426], [-119.74815530082039, 34.40362486408505], [-119.74814334789728, 34.403623058821985], [-119.74813160948149, 34.40362017075343], [-119.74810739947553, 34.403611548238075], [-119.74808639213008, 34.403605470022946], [-119.7480596777004, 34.40360072378091], [-119.74802923184988, 34.40359425865655], [-119.74800167054562, 34.40358590894543], [-119.74797655146916, 34.403575954229254], [-119.74797110770118, 34.403573357178985], [-119.74796534936515, 34.40357156250741], [-119.74795939403042, 34.40357060685676], [-119.7479533632885, 34.403570509738806], [-119.74794377952465, 34.40357069427044], [-119.74793426151885, 34.40357183011687], [-119.74790656418551, 34.40357255035994], [-119.7478996693608, 34.403571317957], [-119.74789301260653, 34.40356913964406], [-119.74788672302427, 34.40356605766747], [-119.74786785838539, 34.40355851127954], [-119.74785128105252, 34.403553382636275], [-119.74784190419714, 34.403550956505285], [-119.74783226955009, 34.403549963981], [-119.74782259501298, 34.4035504275108], [-119.74781125632207, 34.40355197906778], [-119.7477998123703, 34.403552075029005], [-119.74777895570337, 34.40354664378591], [-119.74774577072355, 34.403538311056685], [-119.74770310544277, 34.40352889500984], [-119.7476655687899, 34.403522514862985], [-119.7476383468742, 34.40351410968554], [-119.74763710280494, 34.403513662358044], [-119.7476203197124, 34.40350842123633], [-119.74761870821875, 34.40350800333143], [-119.74761705070524, 34.40350784775114], [-119.74761538959237, 34.40350795847721], [-119.74761376739274, 34.40350833267584], [-119.74761222562306, 34.40350896077022], [-119.74760616669639, 34.40351101560798], [-119.74759986944245, 34.40351214589277], [-119.74759756999836, 34.40351255970334], [-119.74759523484207, 34.40351263538273], [-119.74759291342924, 34.40351237132816], [-119.74759065492451, 34.403511773131974], [-119.74758850716016, 34.40351085346321], [-119.74757169154311, 34.40349882419075], [-119.74756625751195, 34.4034956026662], [-119.74756038258917, 34.403493280555615], [-119.74754231553314, 34.40349097931217], [-119.74753336401889, 34.40348975615968], [-119.74752466383399, 34.40348732048891], [-119.74750758568327, 34.403483674135636], [-119.74749137674327, 34.403482674254626], [-119.74748766468122, 34.40348221418133], [-119.7474840087555, 34.40348142343524], [-119.7474769622777, 34.40347890475374], [-119.74747689100415, 34.40347887782936], [-119.74747221502454, 34.403477039102185], [-119.74745933432837, 34.4034721772232], [-119.74744349767933, 34.403467351629125], [-119.74743900617099, 34.40346658166959], [-119.74743445021511, 34.40346648292402], [-119.74742992956419, 34.40346705755442], [-119.74741639329407, 34.403468955861115], [-119.74739871014877, 34.40346877608446], [-119.74739438359057, 34.403467821528125], [-119.7473901996247, 34.403466363888526], [-119.74738621652857, 34.40346442346877], [-119.74737875928723, 34.40346006591888], [-119.7473708769596, 34.403456534969955], [-119.74736352057444, 34.403454501065916], [-119.74735597033423, 34.403453384356034], [-119.74734834014417, 34.40345320168734], [-119.7473327309999, 34.40345356907822], [-119.74731105252773, 34.403451223363035], [-119.74730380707277, 34.403450057326715], [-119.74728943419622, 34.403446973369206], [-119.74727751166705, 34.40344453846305], [-119.74726394746092, 34.40344318576237], [-119.74725360742771, 34.403442448422], [-119.7472364366069, 34.403439724864675], [-119.74721795649853, 34.40343671180204], [-119.74719635976344, 34.403432609353054], [-119.74719603406304, 34.40343253650307], [-119.74718764243767, 34.40343113000117], [-119.7471744767226, 34.40343083100157], [-119.74715883512884, 34.40343001405392], [-119.74714544859526, 34.403427744494955], [-119.74713806726372, 34.40342664635013], [-119.74713061757386, 34.40342620806001], [-119.74710550486968, 34.403424900912825], [-119.74706673950578, 34.40342180951458], [-119.74704646298811, 34.403419243384405], [-119.74703142235623, 34.40341435126687], [-119.7470228097961, 34.40341102018367], [-119.74701122270933, 34.40340709898821], [-119.74700393443466, 34.403405031889115], [-119.7470038917954, 34.403405021683476], [-119.74699635189025, 34.40340402758016], [-119.74698604464547, 34.40340318654096], [-119.74697570370765, 34.40340329446146], [-119.74695832341222, 34.40340391273674], [-119.74695292833046, 34.40340380046221], [-119.74694759140712, 34.40340300248843], [-119.74692964919291, 34.40339928645151], [-119.7469214743019, 34.403397352942896], [-119.74691310437335, 34.403396637684615], [-119.7468938222574, 34.40339542592584], [-119.74688868389251, 34.40339498420031], [-119.74687577045884, 34.403393057357874], [-119.74686319824373, 34.403389534731346], [-119.74685708288071, 34.40338825975309], [-119.74685087254137, 34.4033875852758], [-119.74684033382464, 34.40338639903], [-119.74681738696373, 34.40338270367833], [-119.74681261530621, 34.40338211149932], [-119.7467991208967, 34.40338149259591], [-119.74677973166443, 34.40338150140893], [-119.74677404707859, 34.403381335977194], [-119.7467684212869, 34.403380503900344], [-119.74676181802585, 34.403379101713284], [-119.74675510816193, 34.40337836217872], [-119.74673891100569, 34.403378026552566], [-119.74673281243787, 34.40337823379647], [-119.74672672924925, 34.40337775390524], [-119.74670980518871, 34.403375020407566], [-119.74669279966531, 34.403371410763974], [-119.74667848033663, 34.4033703601123], [-119.74665320661406, 34.40337076293859], [-119.74663423890854, 34.40337012277174], [-119.74662466297755, 34.40336880217133], [-119.74661539005992, 34.40336607170653], [-119.74659433208835, 34.403358037358416], [-119.7465722684743, 34.403350861447166], [-119.74653732246306, 34.40334169627501], [-119.74650308393977, 34.40333405462954], [-119.74647671859283, 34.403329917045035], [-119.74646605424437, 34.40332698969397], [-119.74645581604464, 34.40332280914628], [-119.7464472002689, 34.40331961527443], [-119.74643816545246, 34.40331794061004], [-119.7464289773552, 34.4033178344135], [-119.74642062871362, 34.40331919852265], [-119.74641249586615, 34.40332152605395], [-119.7463944254964, 34.403324148663145], [-119.74638362280986, 34.403324912931915], [-119.74637283656843, 34.4033239438399], [-119.7463576095184, 34.40332214341764], [-119.74635699658769, 34.4033220683905], [-119.74635489257001, 34.403321801144024], [-119.74635279189047, 34.403321537456115], [-119.74635279454832, 34.40332150856466], [-119.74633561832512, 34.40331831699589], [-119.74631710018583, 34.403314317024886], [-119.74630533650476, 34.403311610450274], [-119.74629331208186, 34.40331055073703], [-119.7462683371116, 34.40330880593096], [-119.746244026841, 34.40330374154712], [-119.74623043727844, 34.40330028375941], [-119.74621659531063, 34.40329804045081], [-119.74618870561766, 34.403295444055864], [-119.7461801723839, 34.40329600808064], [-119.74617175017914, 34.40329749154597], [-119.74616586735146, 34.40329785857057], [-119.7461599919304, 34.403297387618444], [-119.74615424267792, 34.403296088209125], [-119.74611969431949, 34.40328886838726], [-119.74607876932383, 34.40328331828524], [-119.74605295281847, 34.40327972542466], [-119.74604321894532, 34.40327908269452], [-119.74603346709668, 34.40327933336694], [-119.74601695305726, 34.40327856580333], [-119.7460108347381, 34.403277822860474], [-119.74600492597366, 34.40327607006378], [-119.74598755019984, 34.40326740462608], [-119.7459805180295, 34.40326446145298], [-119.74597314014916, 34.40326254297198], [-119.7459560797939, 34.40326057053142], [-119.74594079642286, 34.40325758698627], [-119.74592689191203, 34.40325463137389], [-119.74592205396627, 34.403254145608905], [-119.7459172001413, 34.403254128893295], [-119.7459123672884, 34.40325457992425], [-119.74589510215392, 34.40325576082961], [-119.74587737882446, 34.403257294567645], [-119.74586860717288, 34.4032587188603], [-119.7458597206618, 34.40325873890601], [-119.74585094267383, 34.403257354200875], [-119.7458261387399, 34.40324892372503], [-119.74579347037286, 34.40323973997427], [-119.74575483760132, 34.40323123718115], [-119.74574400293216, 34.40322914815184], [-119.74573355954286, 34.403225585888606], [-119.74572370673187, 34.40322061837262], [-119.7457106651721, 34.40321407705832], [-119.74569704960264, 34.40320883422107], [-119.74569704826155, 34.40320877022243], [-119.74568871713119, 34.40320661436734], [-119.74568098035857, 34.40320636589901], [-119.7456732692099, 34.40320704234045], [-119.7456547150337, 34.40320915875901], [-119.7456470347814, 34.403209675130135], [-119.74563935320542, 34.40320917883899], [-119.74563516631221, 34.40320833536137], [-119.74563110784796, 34.40320700479867], [-119.74562723426726, 34.40320520565948], [-119.74560253506628, 34.4031950226038], [-119.74559331925333, 34.403192235756805], [-119.74558389061518, 34.40319028678088], [-119.74556693982949, 34.40318726046943], [-119.74556511369076, 34.40318686027153], [-119.7455585897729, 34.40318477216482], [-119.74555337950389, 34.403182817369654], [-119.74554795162828, 34.40318159005804], [-119.7455384764164, 34.4031802792892], [-119.74553262546429, 34.40317936627695], [-119.74552661092677, 34.403178381683084], [-119.7455191057595, 34.40317660344446], [-119.74550863054911, 34.40317289061507], [-119.74549970794371, 34.40316976225351], [-119.74549084301275, 34.403166998234106], [-119.7454862099009, 34.403165904488304], [-119.74547901968144, 34.403164516641425], [-119.74547129500448, 34.4031626973782], [-119.7454656956822, 34.403160814159364], [-119.74545865186413, 34.40315831425843], [-119.74544753599525, 34.40315512369132], [-119.74543530201875, 34.40315297981694], [-119.7454195912266, 34.40315088147922], [-119.74539261078051, 34.40314770196419], [-119.74537527518328, 34.40314515543913], [-119.7453629609736, 34.4031423490894], [-119.7453496139317, 34.40313671556721], [-119.74533418318818, 34.40312981093774], [-119.74532732872272, 34.40312682212161], [-119.74532020024706, 34.403124563459784], [-119.74529281515312, 34.40311749006051], [-119.74527399036512, 34.403114789131294], [-119.74524811078408, 34.403111867844686], [-119.74522319938836, 34.4031088956497], [-119.74520589165927, 34.403105030470286], [-119.7451858552794, 34.403098809746865], [-119.74516610680534, 34.403092571351635], [-119.74515816294623, 34.403090310704016], [-119.74514577177067, 34.40308767224754], [-119.74512820216628, 34.40308340507833], [-119.7451219725912, 34.403081549168554], [-119.74511594813002, 34.40307910829283], [-119.74510005716873, 34.40307225083209], [-119.74509437536834, 34.403070073946566], [-119.74508851896438, 34.403068423425786], [-119.74506988755437, 34.403064515062255], [-119.74505321521902, 34.4030615369687], [-119.7450473999451, 34.403060327050696], [-119.74504181872199, 34.403058294500354], [-119.74503076060383, 34.403053237526564], [-119.74502623607768, 34.40305119604991], [-119.74502149291929, 34.403049732693425], [-119.74501174089181, 34.40304844840896], [-119.74500158293492, 34.40304720783515], [-119.74499533810668, 34.40304613768057], [-119.74498930790938, 34.40304419350178], [-119.74497271173745, 34.40303820365321], [-119.74495618099087, 34.403031597927686], [-119.74494786858806, 34.403027737612405], [-119.74494460164134, 34.403026516131725], [-119.74494121052538, 34.403025700479496], [-119.74493774544918, 34.403025302732296], [-119.74492492696218, 34.40302449085731], [-119.74491300466073, 34.403024033962694], [-119.7449076479239, 34.40302374569502], [-119.74490238870737, 34.40302268816518], [-119.7448980468221, 34.40302105152671], [-119.7448939562569, 34.40301886113187], [-119.7448850994359, 34.40301409345993], [-119.74487502759492, 34.4030095371285], [-119.74486092603028, 34.40300412900614], [-119.74484470157472, 34.402999057994535], [-119.74483299857175, 34.40299634648758], [-119.74481967719007, 34.40299442828592], [-119.74481901712335, 34.402994335896096], [-119.74481568307753, 34.40299387443189], [-119.7448085950928, 34.402992899838836], [-119.74480315248509, 34.402992161248285], [-119.74480530685396, 34.402992444026864], [-119.74479851011, 34.40299145532424], [-119.74478941624592, 34.40298960071812], [-119.7447770693299, 34.40298658108628], [-119.74476616727819, 34.40298326114818], [-119.7447554758378, 34.402980284416714], [-119.74474743675219, 34.40297908546664], [-119.7447337680113, 34.40297741029229], [-119.74472721561956, 34.402976298148836], [-119.74471805616378, 34.40297359691931], [-119.74470444065742, 34.40296942517661], [-119.74469548390356, 34.402966689470645], [-119.74469174084885, 34.40296567016454], [-119.74468792069774, 34.402964994969075], [-119.74467696210425, 34.40296380556109], [-119.7446683260962, 34.402962983973985], [-119.744665012177, 34.402962481773486], [-119.74466179059478, 34.40296155674714], [-119.74465871506264, 34.4029602243178], [-119.74464519465198, 34.40295280161209], [-119.74463758040066, 34.40294877344011], [-119.74463046554187, 34.402946255578854], [-119.74461933146164, 34.40294286773481], [-119.74461024030074, 34.40294057036072], [-119.74459602736547, 34.402938985051804], [-119.74457380835621, 34.402936634004], [-119.74455750745787, 34.40293456027536], [-119.74455239492309, 34.402933520579985], [-119.744547463615, 34.40293181729528], [-119.74454279926293, 34.40292948003235], [-119.74453241298382, 34.40292175074149], [-119.74452617636207, 34.402917120269414], [-119.74451307582378, 34.402910007090114], [-119.74450955566749, 34.40290850253542], [-119.74450589763757, 34.402907373818415], [-119.74450306612552, 34.402906598550985], [-119.74449953405801, 34.40290566745638], [-119.74446359237001, 34.402898232780416], [-119.74445005313865, 34.40289512958719], [-119.7444368885431, 34.40289069855814], [-119.74442123110843, 34.40288576527912], [-119.7444052023118, 34.40288221983408], [-119.74437924465559, 34.402876240149276], [-119.74435565935761, 34.40286812185344], [-119.74434786462696, 34.402864668814864], [-119.74434380930143, 34.40286238038358], [-119.74433947812899, 34.40286067055081], [-119.7443349531819, 34.402859571716526], [-119.74433014476388, 34.40285992747081], [-119.74432538924567, 34.40286072276417], [-119.74432227090982, 34.40286068369448], [-119.74431918764262, 34.40286021571125], [-119.74431619815653, 34.402859327725956], [-119.74431335937821, 34.402858036647885], [-119.74429178781935, 34.402849978636276], [-119.74426609264775, 34.40284307816187], [-119.74423357998455, 34.402829572797266], [-119.74422510371366, 34.40282609127888], [-119.74421633255668, 34.402823438932074], [-119.74419627924807, 34.402820611242674], [-119.74417329476815, 34.40281817104835], [-119.74414589214943, 34.40280967933138], [-119.74412060022313, 34.40280281360112], [-119.744104825463, 34.40279988919092], [-119.74407663495838, 34.40279522732724], [-119.74406542387305, 34.40279261050726], [-119.74405456020459, 34.40278880040381], [-119.74404112448778, 34.40278287317175], [-119.74402675932839, 34.4027761451059], [-119.74401901215786, 34.40277273651537], [-119.74401083817581, 34.402770540346374], [-119.74400240831714, 34.402769899686206], [-119.74399650942698, 34.40276951037689], [-119.74399074004877, 34.402768220903276], [-119.74397554411736, 34.40276353441995], [-119.74395916806795, 34.40275459463897], [-119.74394429754038, 34.40274549795404], [-119.7439385322957, 34.40274351615346], [-119.7439325642531, 34.402742271948], [-119.74392774010254, 34.40274228722939], [-119.74392579090019, 34.4027423991173], [-119.74390049043605, 34.402743698008564], [-119.74389450968837, 34.40274357506881], [-119.74388861684109, 34.402742546084966], [-119.74388294835182, 34.4027406348847], [-119.74386635924866, 34.40273315704361], [-119.7438574562135, 34.40272916737644], [-119.74384818280798, 34.4027261366292], [-119.74381974327491, 34.40272137279331], [-119.74379492856444, 34.40271734667801], [-119.74378575498999, 34.402714419943116], [-119.74377707891357, 34.40271024310897], [-119.74376301413845, 34.40270492359601], [-119.74375491385078, 34.402703631134614], [-119.74374671110084, 34.402703627923884], [-119.74374681283071, 34.402703862696235], [-119.74373751480039, 34.40270519200941], [-119.7437320180969, 34.40270623312703], [-119.74371580163897, 34.40270891794236], [-119.74370309432665, 34.40270956863848], [-119.74369382137988, 34.40270826062834], [-119.74368489345424, 34.402705433867624], [-119.7436671371257, 34.40269696743191], [-119.74365544466735, 34.4026912215703], [-119.74365076196989, 34.40268926205886], [-119.74364584473916, 34.402688001827656], [-119.74363484805646, 34.402685769651725], [-119.74363124891786, 34.40268482389209], [-119.74362775048324, 34.4026835553437], [-119.7436229571514, 34.402681719968925], [-119.74361799539236, 34.40268040635637], [-119.7436105387423, 34.40267907092054], [-119.7436049252601, 34.40267832661875], [-119.74359650071793, 34.402677523555035], [-119.74359093047812, 34.40267681830392], [-119.74358616575684, 34.40267572277206], [-119.74358127135227, 34.402674408197704], [-119.74357578589287, 34.40267291998641], [-119.74357107580256, 34.4026716280079], [-119.74356645108918, 34.402670257258734], [-119.7435605430272, 34.402668327899285], [-119.7435539674023, 34.402666155673266], [-119.74354754952697, 34.40266403618], [-119.74354350714381, 34.40266278599424], [-119.74353878446294, 34.40266141214431], [-119.74353433275142, 34.40266030309311], [-119.74352862615306, 34.40265921569213], [-119.74352383054564, 34.40265835954219], [-119.74351986385138, 34.40265765918246], [-119.74351307679315, 34.402656715352165], [-119.74350821194864, 34.402656345290985], [-119.74350285904791, 34.40265599306705], [-119.74349777522869, 34.40265565951544], [-119.74349261989268, 34.402655287318844], [-119.74348590602511, 34.402654566046664], [-119.74348263540199, 34.40265417125882], [-119.74347609306831, 34.40265338169848], [-119.7434706137907, 34.40265270849547], [-119.74346587640038, 34.40265198314877], [-119.74346216549213, 34.4026511339419], [-119.74345737213982, 34.40264986569769], [-119.74345249073212, 34.40264854822637], [-119.74344839667417, 34.402647427718044], [-119.74344475811112, 34.40264634484181], [-119.74344097091952, 34.40264512524667], [-119.74343451969497, 34.40264302335854], [-119.74342761641394, 34.40264078821216], [-119.74342118568353, 34.4026388339011], [-119.74341649088464, 34.402637440710706], [-119.74341059312613, 34.40263569152827], [-119.74340457287123, 34.40263391074522], [-119.74339898510505, 34.40263231579758], [-119.74339189163034, 34.40263040076853], [-119.74338439620587, 34.402628407663634], [-119.74337833734373, 34.402626757273616], [-119.7433755179839, 34.402625989920324], [-119.74337335284697, 34.402625399804855], [-119.74337127414992, 34.402624833693004], [-119.74336657601559, 34.40262359292946], [-119.74336373808751, 34.40262292592729], [-119.74335848410327, 34.40262189422559], [-119.74335442714403, 34.402621142861854], [-119.74335036604238, 34.402620401475865], [-119.74334546086675, 34.402619559517454], [-119.74334097061573, 34.40261879184135], [-119.74333733670211, 34.402617983000134], [-119.74333482859018, 34.40261706600363], [-119.74333248280202, 34.40261590051974], [-119.74332861519022, 34.402613592870416], [-119.74332505904732, 34.402611406073916], [-119.74332191852278, 34.40260974257716], [-119.74331839946538, 34.40260828829788], [-119.74331570761187, 34.40260727205492], [-119.74331097596588, 34.40260552143068], [-119.74330797544144, 34.40260441404915], [-119.74331385124391, 34.40258717997446], [-119.74534951669585, 34.396616236990255], [-119.76422621619815, 34.396336903826715], [-119.78591185657746, 34.396012375982664], [-119.8105129492931, 34.395661640521425], [-119.8351138334435, 34.395305914916385], [-119.83560977990741, 34.4053228602124], [-119.83610600957428, 34.41534086715549], [-119.83612241376164, 34.41543481051823], [-119.83613914472048, 34.41553089131221], [-119.836339661502, 34.41573101266874], [-119.83635071951635, 34.4157420458416], [-119.83643812615809, 34.41582601629196], [-119.83665726283937, 34.41603647061074], [-119.8369309736648, 34.41608271523313], [-119.83720349932926, 34.41612873374389], [-119.83624967891532, 34.41644557878235], [-119.8361058916316, 34.41650654862908], [-119.83596886514323, 34.416564708221294], [-119.83597668304975, 34.416688575641786], [-119.83598482551996, 34.41681457962667], [-119.83586287685404, 34.41692563573591], [-119.83583455115188, 34.416951444877604], [-119.83573156683961, 34.41704534523164], [-119.83550037302778, 34.41715584000503], [-119.83548572588543, 34.41716284318438], [-119.835434068882, 34.41718753831126], [-119.83535774830167, 34.417224024579035], [-119.83529043410859, 34.4172562051583], [-119.83524022907683, 34.417280238940364], [-119.83523421433347, 34.4187005963945], [-119.83522852502644, 34.42012309117307], [-119.83522679640242, 34.42055369962144], [-119.83522539338537, 34.420986444608786], [-119.8352247228997, 34.421433028227156], [-119.83522421523091, 34.42188068055876], [-119.83522294012009, 34.42300220942531], [-119.83522182887125, 34.42412480601876], [-119.83522095763762, 34.424748741193945], [-119.83522041096496, 34.425374813811914], [-119.83442273260276, 34.42537312033946], [-119.83362537878624, 34.42537355819253], [-119.83078903260242, 34.42636086716091], [-119.83078914547715, 34.42641218513225], [-119.8307893975883, 34.42646350100174], [-119.83078951125741, 34.42649555018836], [-119.82908639518959, 34.42649507878991], [-119.82875486996306, 34.42649590393373], [-119.82875706754625, 34.42703171829175], [-119.82875725998629, 34.42707844101724], [-119.82908471229818, 34.42708296203078], [-119.8290849913825, 34.42711375358363], [-119.82908785411801, 34.42742974792231], [-119.82909071576769, 34.42774574136931], [-119.82909644025955, 34.42837773002962], [-119.82910216485806, 34.42900971956468], [-119.82910286458184, 34.429325721236076], [-119.82937046470934, 34.429326120929126], [-119.82950311506569, 34.429326318509396], [-119.82963576433488, 34.42932651596103], [-119.82977173047034, 34.42932671733228], [-119.83004366280265, 34.429327122321745], [-119.83058752632789, 34.42932792778419], [-119.83079696351736, 34.42933017141086], [-119.83079744296433, 34.42991662180972], [-119.83079941090915, 34.431568392504516], [-119.83073291863123, 34.43156070033584], [-119.8307097117737, 34.4334167390009], [-119.83068682946598, 34.43527491489067], [-119.8310089771888, 34.43529293807009], [-119.8314651706725, 34.43531844657906], [-119.83146545759146, 34.43547197019846], [-119.83146607009718, 34.43562763037513], [-119.83146613784, 34.43565094843265], [-119.83161771069932, 34.43584462599582], [-119.83151669498284, 34.43589284077637], [-119.83140499498008, 34.43594622196723], [-119.83113051504228, 34.43607716255048], [-119.83100926832863, 34.436135001985484], [-119.83087440348743, 34.43619930625387], [-119.8308560342216, 34.43620810161017], [-119.83084885784402, 34.436211849076464], [-119.83084203436984, 34.436216204353876], [-119.83083561763962, 34.43622114138308], [-119.83082965896133, 34.43622661791267], [-119.8308241954805, 34.43623259100355], [-119.83081927526126, 34.43623901935498], [-119.83081493204678, 34.43624585376753], [-119.83081120488077, 34.43625303864977], [-119.8308096590728, 34.43625677957925], [-119.8308081143526, 34.43626052049235], [-119.83080568969504, 34.43626824295035], [-119.83080394815435, 34.436276148958115], [-119.83080304915516, 34.43628317393834], [-119.83080286057162, 34.43628464470878], [-119.83080328497044, 34.436409233331716], [-119.8308040349824, 34.43653596031683], [-119.83084411374679, 34.43653654292656], [-119.83140774671901, 34.43653400840468], [-119.83140799758068, 34.43657223466973], [-119.83141041009414, 34.43691558795092], [-119.83141251498155, 34.437261381288394], [-119.83141247255222, 34.43726628072054], [-119.8314138433816, 34.43767786040189], [-119.83138554616198, 34.437677933252154], [-119.8313884012559, 34.43781423398203], [-119.83139158195198, 34.43795267126922], [-119.83139443380136, 34.43808897204562], [-119.83139761127401, 34.438227410280696], [-119.8313977267298, 34.43823265988319], [-119.83159864591738, 34.43822963274076], [-119.83161575164786, 34.43836994444196], [-119.83163318416487, 34.43851239448365], [-119.8316519174862, 34.43866217712599], [-119.83167097539037, 34.43881409633818], [-119.83179447142375, 34.43879967578232], [-119.83190809277761, 34.43878642220884], [-119.83223250937016, 34.438750928026266], [-119.8325461863306, 34.43871662131443], [-119.83328902579993, 34.43863934979043], [-119.83377293941781, 34.4385890140873], [-119.83398519353265, 34.4385669351187], [-119.83425113869566, 34.43854005224237], [-119.83548800497985, 34.43841605359104], [-119.83711911581477, 34.43825251477728], [-119.83711872109012, 34.43809921448733], [-119.83711865321452, 34.43794805162411], [-119.8371804431969, 34.43794177973522], [-119.83746684157579, 34.437912700010415], [-119.83773727784555, 34.43788525180556], [-119.83789755849581, 34.43786897472828], [-119.83808332994072, 34.43785012193258], [-119.8382643504025, 34.43783173938652], [-119.83844521578756, 34.437813385067884], [-119.83882658037692, 34.43777466211581], [-119.83916825785712, 34.43773997955952], [-119.8398843251454, 34.43766727151695], [-119.84026625207441, 34.43762849220917], [-119.84059895484503, 34.43759471629243], [-119.84035255199487, 34.43654513255477], [-119.84029391143017, 34.43629567034613], [-119.84114959774193, 34.43615839541755], [-119.84199519112879, 34.43602275363015], [-119.84194488457521, 34.43580602173358], [-119.84173783302877, 34.434924858379226], [-119.84153111061346, 34.4340458311672], [-119.84140415284772, 34.433505366564596], [-119.84127752366454, 34.432967039227144], [-119.84154485213044, 34.43292403586443], [-119.84282173843977, 34.432609107961305], [-119.84339019110024, 34.43246894942055], [-119.84370776723529, 34.432393818245245], [-119.84386733025345, 34.43235857815678], [-119.84402689311663, 34.43232333695704], [-119.84430172579735, 34.432266915467906], [-119.84434746693468, 34.43225752512603], [-119.84446356739008, 34.43223458842273], [-119.84457966778159, 34.432211651608306], [-119.8449083264335, 34.43214653586146], [-119.84620020489811, 34.43188961480274], [-119.84753903143866, 34.431623341154], [-119.84787690841812, 34.431556810929635], [-119.84789771015252, 34.431552715104885], [-119.84799864384878, 34.4315328400112], [-119.848101197305, 34.431512646207516], [-119.84853868594548, 34.43142595423567], [-119.84856027745808, 34.43141993741107], [-119.84898535145216, 34.43133317422847], [-119.84930605838376, 34.43126771322372], [-119.84951148753835, 34.43125164381979], [-119.8501162627972, 34.431213984701564], [-119.85031180366478, 34.43120180852286], [-119.85079530841298, 34.43117169805051], [-119.85098402940488, 34.43116016314585], [-119.85186928126798, 34.43110515862439], [-119.85278844698175, 34.43104804084855], [-119.85336125671033, 34.431014876151664], [-119.85394824446591, 34.43098088791832], [-119.85415512463553, 34.43096891001621], [-119.85438490810691, 34.43095560600324], [-119.8549027622533, 34.43092610451943], [-119.85491140384495, 34.43092518250048], [-119.85551364633417, 34.43088793367348], [-119.85611588935238, 34.43085068093863], [-119.85658063004647, 34.43082233847326], [-119.85708825092102, 34.430790518176465], [-119.85743885899693, 34.43076354375976], [-119.85757093091055, 34.43075338180223], [-119.85762978858902, 34.430850995974474], [-119.85765405560073, 34.430840946618574], [-119.85771599886324, 34.43081530368826], [-119.85777794206746, 34.43078965982491], [-119.85778405142457, 34.43078713082151], [-119.85775297043779, 34.43073558453366], [-119.85787361765793, 34.43072217445223], [-119.85799426485943, 34.43070876515214], [-119.85933261669979, 34.43054992443959], [-119.85967032986315, 34.43051260599828], [-119.8597640985357, 34.42524145268082], [-119.85959397564726, 34.42524146608355], [-119.85944663393953, 34.425240553824885], [-119.85930130114814, 34.42523965116711], [-119.85930175785776, 34.425169889398205], [-119.85930254084538, 34.42510226501586], [-119.85940378488897, 34.42510289410706], [-119.85946255758101, 34.42510325813902], [-119.8595943441912, 34.42510407253981], [-119.85976533742934, 34.42510406472214], [-119.8597675292205, 34.42477857104715], [-119.85976393284714, 34.42438162240977], [-119.85976336820099, 34.42431939989852], [-119.85960142589789, 34.4243195277497], [-119.85550297767263, 34.42429461290954], [-119.85140485908657, 34.42427169788646], [-119.85177698675108, 34.42347230895767], [-119.85214338105037, 34.42268551346235], [-119.85229868047907, 34.422363218418745], [-119.85241839770708, 34.42211502007847], [-119.85232662391128, 34.422085380578594], [-119.85229268455373, 34.421936077944395], [-119.85221660246263, 34.42188173619714], [-119.85207521870846, 34.42178075507886], [-119.85198612648746, 34.421722148557826], [-119.85189225698096, 34.42167153525492], [-119.85146162555964, 34.42146112021469], [-119.8514105047988, 34.421438387544114], [-119.85137863324078, 34.42142681142095], [-119.85124768855113, 34.421376709471915], [-119.85116670657293, 34.421338897489704], [-119.85112547752664, 34.421329080833615], [-119.85108525968701, 34.42131570694048], [-119.85104636439293, 34.42129888016275], [-119.85100908275648, 34.4212787249987], [-119.8509736936577, 34.42125540310231], [-119.8509475538405, 34.421235094107594], [-119.85093104073661, 34.42122263967891], [-119.85091350091871, 34.4212116733563], [-119.85089507545607, 34.42120227594077], [-119.85087590197426, 34.42119452017094], [-119.85086350539994, 34.42119050122274], [-119.85072199276584, 34.421103913109285], [-119.85050052778394, 34.4210650388518], [-119.8501291631607, 34.42081912202537], [-119.85009709396074, 34.42079603326363], [-119.85006715931412, 34.42077023845898], [-119.85003958547829, 34.4207419307276], [-119.85002515878595, 34.42072493596535], [-119.84979290338543, 34.42043472375429], [-119.84941783811375, 34.420088909417736], [-119.84939089217849, 34.420065877602354], [-119.84936203751339, 34.420045283266845], [-119.84933149844184, 34.420027281684376], [-119.8492995075878, 34.42001200996841], [-119.8492889699111, 34.4200077073436], [-119.84847158255182, 34.419670775331824], [-119.84781211425596, 34.41944736872135], [-119.84777932760443, 34.41943504640029], [-119.84774773206951, 34.41941991433105], [-119.84771758805518, 34.41940208666701], [-119.84725212254875, 34.41910165570169], [-119.84676998284966, 34.418945936379416], [-119.84650651045332, 34.418871668992345], [-119.84389358901659, 34.41787819276761], [-119.84346282252004, 34.41803237820645], [-119.84261402103002, 34.41773377327498], [-119.84255757064165, 34.417197228185096], [-119.8425232944939, 34.41717199254847], [-119.84226587381674, 34.41702414923943], [-119.8421492170437, 34.41689181403655], [-119.84203716424796, 34.41676470253947], [-119.8418254537498, 34.416682908822466], [-119.84174005021596, 34.416649913260756], [-119.84148369297966, 34.41655086983823], [-119.84104329051183, 34.41660351462864], [-119.84060310343237, 34.41665613200047], [-119.84045912767307, 34.41664675212393], [-119.84031531974342, 34.41663738305537], [-119.83979403538308, 34.41639154071859], [-119.83920531025743, 34.41603023867392], [-119.83889305839506, 34.41595716721133], [-119.83862536448054, 34.41589450553426], [-119.83862043193328, 34.415185505118544], [-119.8386158241086, 34.414478643033306], [-119.83856001596585, 34.414523213191444], [-119.83850735106981, 34.41456527409607], [-119.83849098459892, 34.41457834404202], [-119.83838837235335, 34.414660293909776], [-119.83785428791624, 34.414898933894996], [-119.83712011895214, 34.415033049842954], [-119.8367678775329, 34.415090108970944], [-119.8360522845695, 34.394409806347575], [-119.81097209699531, 34.3947667226177], [-119.78589169611728, 34.395118451409424], [-119.76354997447928, 34.39549510205801], [-119.74562979863501, 34.39579423320804], [-119.75802574660321, 34.359422876119304], [-119.74413340904944, 34.35377906427716], [-119.72613673071434, 34.3520848837508], [-119.71165821378452, 34.35214566866595], [-119.69674491418068, 34.3527023472686], [-119.68365404493845, 34.357080958507325], [-119.67766459990158, 34.35969810916695], [-119.66527759725751, 34.36762924611763], [-119.6588708624793, 34.37312673824866], [-119.65913385267596, 34.41689621052036], [-119.65913416007403, 34.41694747400754], [-119.6591344685602, 34.41699873747965], [-119.65914346407118, 34.41849325782562], [-119.65915246099271, 34.41998777801501], [-119.65847140197562, 34.4200514487364], [-119.65836443252078, 34.42006144911803], [-119.658168444111, 34.42008927933823], [-119.65807894021262, 34.42010198816626], [-119.65777600743542, 34.42017690219695], [-119.65740322894884, 34.420269086164744], [-119.65722228433782, 34.4203138324478], [-119.65700945599036, 34.42036646076777], [-119.65694351272387, 34.42038276722217], [-119.65688747619052, 34.42039662377495], [-119.6567714672719, 34.42042513803213], [-119.65672383645655, 34.42043946846019], [-119.65667763410838, 34.42045789627841], [-119.65665526212128, 34.42046917220597], [-119.65663321650344, 34.42048028227661], [-119.65661128293125, 34.42049385321116], [-119.65659092072843, 34.420506452342735], [-119.65655472853206, 34.42053222615728], [-119.65653673207063, 34.42054746995774], [-119.65651873669042, 34.42056271374065], [-119.65650213789058, 34.42057946673835], [-119.65648553908404, 34.42059621973377], [-119.65636817820548, 34.420725885316635], [-119.65625081803141, 34.4208555498686], [-119.65611188446806, 34.42100904908242], [-119.65601609551733, 34.42111487954496], [-119.65600096362107, 34.42113138071844], [-119.65598583170086, 34.42114788098857], [-119.65596401629348, 34.42116850377331], [-119.65593474537937, 34.421196174634325], [-119.65590719274361, 34.42121800370005], [-119.65587964116321, 34.42123983184324], [-119.65585029063287, 34.42125917705955], [-119.655820940071, 34.421278521367384], [-119.65579001717299, 34.421295233586136], [-119.65575909533243, 34.42131194488069], [-119.65572683258732, 34.42132589830135], [-119.65569456981348, 34.421339850812025], [-119.65566121319034, 34.421350939287045], [-119.65562785547061, 34.42136202776768], [-119.65559366008958, 34.42137016756628], [-119.6555594657897, 34.42137830734045], [-119.65552469042926, 34.4213834345188], [-119.65548991613439, 34.421388560770865], [-119.65545482554981, 34.421390638353394], [-119.65541973603334, 34.421392715009496], [-119.65534946135051, 34.42139074200393], [-119.65417542955112, 34.42139024800051], [-119.65310839657594, 34.4213888920162], [-119.65311228891034, 34.42155994895236], [-119.65311773040013, 34.4218341087994], [-119.65068156395103, 34.42116900799127], [-119.64824575726928, 34.420505997078635], [-119.64768842192827, 34.42035404801477], [-119.64628849958962, 34.42000047664854], [-119.64488890878488, 34.419649026190164], [-119.64424102504836, 34.41956297169338], [-119.64359192264081, 34.419476731005055], [-119.6433033293965, 34.4194678616574], [-119.64300475181706, 34.41945867786089], [-119.64260030303079, 34.419502477903606], [-119.6421819907633, 34.41954779062441], [-119.64164228868573, 34.419561130806834], [-119.64144189007915, 34.41956787891243], [-119.6414462878999, 34.419775412337096], [-119.64144862697795, 34.4198167553662], [-119.64144992609586, 34.419837846195215], [-119.64112539370272, 34.41996803185742], [-119.64100622770638, 34.42001584544977], [-119.6407900059837, 34.420102626469735], [-119.6404892328857, 34.42022374752487], [-119.640470936883, 34.42023282029391], [-119.64009654546437, 34.42041846326987], [-119.63998493069668, 34.42048359440608], [-119.6399587211265, 34.421067406714656], [-119.63993251227677, 34.421651218981054], [-119.6399545393717, 34.421873120658105], [-119.63997668970867, 34.42209663370551], [-119.63998004846576, 34.4221261387923], [-119.64007863507547, 34.42211847978053], [-119.64049079967187, 34.422081566318916], [-119.64046622519828, 34.42199308128625], [-119.64044757649283, 34.42192593016352], [-119.64044751252847, 34.42192367691682], [-119.64044749308584, 34.421922303073224], [-119.64071321351787, 34.42191966907838], [-119.64083921004021, 34.42191842082508], [-119.64100499526185, 34.42191677747082], [-119.6410715366026, 34.42200234669537], [-119.64113489197607, 34.42197072532985], [-119.6412017848005, 34.421944583146335], [-119.64123962801101, 34.42193269951856], [-119.64127820871836, 34.42192257312281], [-119.64139238738996, 34.421892918302554], [-119.6414850458578, 34.42186499455454], [-119.64157625472473, 34.42183396615509], [-119.64167358612954, 34.42179676330181], [-119.64176883380732, 34.42175602617583], [-119.64179764623168, 34.42174288149086], [-119.64191925511918, 34.42168233711857], [-119.64203625964385, 34.421615853608834], [-119.64207819657244, 34.42159252922143], [-119.64212242650376, 34.42157232141645], [-119.64216861187084, 34.4215553817302], [-119.6422307920407, 34.421538691606436], [-119.6422948341822, 34.42152786848852], [-119.64235993475329, 34.42152304858314], [-119.64242527782464, 34.421524291626795], [-119.6424900427285, 34.42153158258518], [-119.64255341816343, 34.42154482965914], [-119.64261955370586, 34.42156611715757], [-119.64268205361726, 34.42159394390199], [-119.64273998048564, 34.42162789251006], [-119.64279104992931, 34.42166638900139], [-119.6427924724713, 34.421667460724045], [-119.64280727563566, 34.421677846433724], [-119.64282377205059, 34.42168631394869], [-119.64284159568794, 34.42169267527398], [-119.64286035533739, 34.42169678964163], [-119.64287964122227, 34.42169856792901], [-119.64289903366574, 34.421697970738336], [-119.64288748274448, 34.42158030202196], [-119.64383178825933, 34.42157092178217], [-119.64383243180531, 34.421626462522305], [-119.6438353375335, 34.42187683527019], [-119.64411717184757, 34.42187403492676], [-119.64470570939596, 34.4218681834047], [-119.64486385339275, 34.42195106576099], [-119.64489255869375, 34.421879572708406], [-119.64491485543606, 34.4218016386496], [-119.64492303371979, 34.42176398141613], [-119.64519486565112, 34.42178736636088], [-119.64546725875891, 34.42180973865202], [-119.64571263699742, 34.421829970320175], [-119.64579919186014, 34.42183710270745], [-119.64621747964573, 34.42187158443444], [-119.64645520108596, 34.42189118098397], [-119.64675650022525, 34.42191631284812], [-119.64676171116236, 34.421889746337804], [-119.64679403553433, 34.42189858087829], [-119.64706207455197, 34.421971818255756], [-119.64705000199324, 34.42202025991628], [-119.647368367685, 34.422115684336724], [-119.6473765498269, 34.422058912883436], [-119.64784963343043, 34.42218626081354], [-119.64805038990072, 34.42219262169509], [-119.64802576328917, 34.42199149347379], [-119.64860639983992, 34.42199193822231], [-119.64860643575453, 34.42202068761623], [-119.64904144984817, 34.42202080137049], [-119.64923918250945, 34.42202085109969], [-119.6496833961244, 34.422020964590125], [-119.64968337074495, 34.422102852432744], [-119.6496833101603, 34.422266626447], [-119.64968328421506, 34.42233541157531], [-119.65003000266346, 34.42233549918697], [-119.650239601414, 34.42233555176818], [-119.65037801592563, 34.422335587123364], [-119.6508246020812, 34.42233569573149], [-119.65082446799835, 34.42271237559534], [-119.65082433396792, 34.423089058154225], [-119.65082420997102, 34.423437317073436], [-119.65082415271294, 34.42345292805296], [-119.65082415091085, 34.423697176810336], [-119.65082041839548, 34.42387660921229], [-119.65029799235162, 34.42420980609978], [-119.65029806196999, 34.42420980515258], [-119.65030259229239, 34.42421340689997], [-119.65041016028508, 34.42429897194005], [-119.65041124311064, 34.424399190493375], [-119.6502600678687, 34.42467034551285], [-119.65008950612783, 34.42497653424163], [-119.65001204778693, 34.42511650998894], [-119.64996766453406, 34.425116292356606], [-119.64996553149228, 34.42553929790776], [-119.64996543873367, 34.42554477666851], [-119.64996529650546, 34.4255722544595], [-119.6496897002843, 34.42598642692988], [-119.64957751170397, 34.425935024326456], [-119.64947476510066, 34.426084392531585], [-119.64899404829116, 34.42615937191404], [-119.64893444556569, 34.426281732164284], [-119.64866019208576, 34.42631903840654], [-119.64865908896363, 34.4268283786131], [-119.65082259455761, 34.42697513134696], [-119.65082218407501, 34.42704406686587], [-119.6508221417697, 34.427051484381295], [-119.65090609143668, 34.427051882707175], [-119.65099004108652, 34.42705228007359], [-119.6511017925516, 34.427075694847616], [-119.65121354514942, 34.42709910860253], [-119.65149288520163, 34.42711493258445], [-119.65189903359166, 34.427137938165615], [-119.65258452376077, 34.427176763840066], [-119.65276100821949, 34.42721103906119], [-119.65294710206123, 34.427247180222174], [-119.65300918198953, 34.42727971315532], [-119.65300615116979, 34.427670471143394], [-119.65300312140933, 34.42806122910647], [-119.65300075479851, 34.428366433436864], [-119.65299838815243, 34.42867163685961], [-119.65299761923245, 34.42877083202474], [-119.65299688760157, 34.42887004200902], [-119.6529951261724, 34.429097188878906], [-119.65299336473369, 34.429324335745385], [-119.6529967569312, 34.42968432763911], [-119.65300014915806, 34.4300443195241], [-119.65298904524761, 34.43020849829994], [-119.6529868743291, 34.43053113324501], [-119.65298470446376, 34.430853767266825], [-119.65298406842007, 34.43094841991676], [-119.65298343235708, 34.431043071664654], [-119.65298247904413, 34.431188679752495], [-119.6529815267978, 34.431334286922635], [-119.65298103028925, 34.43137840491689], [-119.6529805337623, 34.43142252200959], [-119.65297727145477, 34.43191972234885], [-119.65297401017835, 34.432416921755205], [-119.65297277309423, 34.4326010303712], [-119.65297153707465, 34.43278513806873], [-119.65297148199849, 34.432815367400764], [-119.65297136054247, 34.43284559673558], [-119.65296857239366, 34.43327398326063], [-119.65296572712931, 34.43370015160062], [-119.65297368391558, 34.433862641484566], [-119.65297386878142, 34.43408757796807], [-119.65297405363034, 34.43431251354673], [-119.65297381305889, 34.434348693560835], [-119.6529733113099, 34.43446776723852], [-119.6529727399145, 34.434586840962616], [-119.6529727224502, 34.434717977470044], [-119.65297270498583, 34.434849113976334], [-119.65297283389742, 34.43489146342484], [-119.65297296387921, 34.434933811956945], [-119.65297323963027, 34.4350250060654], [-119.65297351646977, 34.43511620015842], [-119.65297258674461, 34.43525932655452], [-119.65297165810425, 34.43540245293449], [-119.65297192498168, 34.43549012984077], [-119.6529730086945, 34.435850699441104], [-119.65297289716698, 34.43597649406631], [-119.6533676115986, 34.43597039180558], [-119.65363694385552, 34.43597645209022], [-119.6539068530016, 34.43598120103395], [-119.65417940155093, 34.43598399738844], [-119.65445195118856, 34.435986792214415], [-119.65478683295859, 34.43598964952316], [-119.65512398750072, 34.435990943903036], [-119.65537396942425, 34.43598580172243], [-119.65563051942205, 34.43598052520333], [-119.65599228827689, 34.4359855151909], [-119.65635340942035, 34.43599049130473], [-119.65692490571064, 34.43598871505605], [-119.65693012572522, 34.435988702363346], [-119.65715818566815, 34.4359810734528], [-119.65730889887458, 34.43598403486169], [-119.65766035217747, 34.435982773544595], [-119.65775277094882, 34.4359852506409], [-119.65795149337103, 34.435991191502566], [-119.65814985703719, 34.435995891769004], [-119.65821807511983, 34.435997358559355], [-119.6582805660693, 34.435999001881164], [-119.65830348515448, 34.435999152921724], [-119.65831323547657, 34.435999357749395], [-119.6585921333197, 34.436005274471114], [-119.6588627864145, 34.43601101116476], [-119.65905047188116, 34.436013334978455], [-119.65937744146399, 34.43601738693641], [-119.6596887953163, 34.43602124141449], [-119.65996924328775, 34.436024713744416], [-119.66024969237057, 34.43602818541114], [-119.66035792695439, 34.436026092716205], [-119.66046632103571, 34.43602506799624], [-119.66049072452745, 34.43601719799252], [-119.66051512690869, 34.43600932709738], [-119.66055125285659, 34.436001674408196], [-119.6605873788159, 34.43599402260965], [-119.66063047244944, 34.435989139047294], [-119.66067356500805, 34.435984256386], [-119.66131967409714, 34.435983995948476], [-119.66133622663912, 34.435975673370066], [-119.66146267034453, 34.43597454933492], [-119.66146273997265, 34.43597454838128], [-119.6615066361832, 34.43597656734376], [-119.661550421439, 34.43597984290273], [-119.66159404232515, 34.435984370380204], [-119.66163745090216, 34.43599014682632], [-119.6616805904374, 34.43599716490373], [-119.66172341172351, 34.43600541266377], [-119.6617658624333, 34.43601488541366], [-119.66178127642817, 34.436018331339916], [-119.66179682436413, 34.43602134534368], [-119.66181248546218, 34.43602392229978], [-119.66182824117313, 34.436026059757225], [-119.66184407624766, 34.43602775702337], [-119.66185996992463, 34.436029009874204], [-119.66187590588478, 34.43602981853335], [-119.66189186670279, 34.43603018233792], [-119.66190783275954, 34.436030099753296], [-119.66192378555974, 34.4360295710329], [-119.66193970987202, 34.436028596385384], [-119.6619555839913, 34.43602717881308], [-119.66197139156223, 34.436025316736746], [-119.66198711310962, 34.436023015833214], [-119.66200273342002, 34.43602027721255], [-119.66201823292825, 34.4360171020444], [-119.66203359544102, 34.43601349686235], [-119.66204880251709, 34.436009464623915], [-119.66206383573318, 34.43600500918828], [-119.66207867998389, 34.43600013707394], [-119.662093317934, 34.43599485212508], [-119.6621077312143, 34.435989160905], [-119.6621219037034, 34.43598307355275], [-119.66220508094392, 34.43603323396513], [-119.66282789421699, 34.43603741966101], [-119.66335807180576, 34.43604162633224], [-119.66398436472247, 34.43604533731083], [-119.66398443326263, 34.43604533637066], [-119.66550593602847, 34.436055907517535], [-119.66561445114519, 34.436083999753315], [-119.66583628110479, 34.43615260584493], [-119.66584674494077, 34.436156325711686], [-119.66586603257188, 34.436163218123255], [-119.6658779446101, 34.43616785040347], [-119.66589532961208, 34.43617466885572], [-119.66590776145517, 34.43617993506617], [-119.66592202531497, 34.4361860425996], [-119.66592414705907, 34.436186951175145], [-119.66593025705238, 34.43618975614513], [-119.66593636704609, 34.43619256111493], [-119.66594434085255, 34.43619627369352], [-119.66595231464164, 34.4361999853702], [-119.66595848415534, 34.436203045589416], [-119.66596465366943, 34.436206105808246], [-119.66597229290352, 34.43620995732534], [-119.66597993322634, 34.436213808827034], [-119.66598608336973, 34.43621709742769], [-119.6659922345835, 34.43622038511168], [-119.66599960060289, 34.43622439636442], [-119.66600696660491, 34.43622840671524], [-119.66601305346384, 34.436231904464314], [-119.66601914030528, 34.436235401311635], [-119.66602626270071, 34.43623958271346], [-119.66603338616676, 34.43624376319848], [-119.66603937679658, 34.43624745522047], [-119.66604536851483, 34.43625114722721], [-119.66605226478362, 34.43625550304621], [-119.66605916212315, 34.436259857948514], [-119.66607169039641, 34.4362681478459], [-119.6660775815588, 34.43627214418574], [-119.66608426040531, 34.436276674302206], [-119.66608999270545, 34.43628072602054], [-119.66609572500613, 34.43628477773858], [-119.66610219195883, 34.436289486585615], [-119.66610865891217, 34.43629419543227], [-119.66611423455144, 34.436298412499404], [-119.66611981126117, 34.43630262864994], [-119.66612606846056, 34.43630751439454], [-119.66613232564265, 34.4363123992375], [-119.66613773241923, 34.436316770099644], [-119.66614313919642, 34.436321140961574], [-119.66614918667861, 34.436326205406765], [-119.66615523414353, 34.436331268950255], [-119.66616045773384, 34.436335784787836], [-119.66616568239463, 34.43634029970883], [-119.66617152121155, 34.436345541036964], [-119.66617736111711, 34.43635078234991], [-119.6661823893013, 34.436355430707714], [-119.66618741855595, 34.43636007814901], [-119.66619304986763, 34.43636549995086], [-119.66619868116196, 34.43637092085105], [-119.66620350172009, 34.43637568927406], [-119.66620832334873, 34.4363804567805], [-119.66621020022156, 34.43638239749453], [-119.66621207707647, 34.43638433730714], [-119.6663112277782, 34.43628349840635], [-119.66654371466085, 34.43604741268738], [-119.66720335760607, 34.43605832099888], [-119.66760163452457, 34.43606495570941], [-119.66763101464491, 34.43606500264414], [-119.6676475520595, 34.43606502956548], [-119.66766884630049, 34.43606506322224], [-119.66768195237776, 34.4360650841138], [-119.66769056629518, 34.43606521815451], [-119.6678553912498, 34.436067787626904], [-119.66810329618566, 34.43606897192464], [-119.66839925694188, 34.436070386520626], [-119.66904868416442, 34.4360734781792], [-119.66921767170474, 34.436074200560896], [-119.66957275989749, 34.43607561736987], [-119.66990029723334, 34.436077308714296], [-119.67008064474156, 34.43607812958214], [-119.67070556843896, 34.43607542031323], [-119.67092244692466, 34.43607460613446], [-119.67100448655793, 34.435924408341364], [-119.67103452345623, 34.43586689138208], [-119.6710355598303, 34.43657848146664], [-119.67103676002723, 34.437305284575636], [-119.67103791033537, 34.438043700664075], [-119.67103973773968, 34.43921857906609], [-119.67173689098524, 34.43921850529177], [-119.6718778023339, 34.43921848930569], [-119.67253406676826, 34.43921841453477], [-119.67316128504392, 34.43921833920129], [-119.67316224485909, 34.436471644599386], [-119.67316224085971, 34.43632016947495], [-119.67316223686028, 34.436168694349014], [-119.67316222739467, 34.43586642936558], [-119.6738166554232, 34.435878516929684], [-119.67393418484419, 34.43587899331789], [-119.67410534701331, 34.435879796994506], [-119.67471401070345, 34.43588247232638], [-119.6753256173345, 34.43588515986355], [-119.67532568696238, 34.43588515890196], [-119.67533985865262, 34.43697687999387], [-119.67534670478476, 34.43750405714614], [-119.67535746695332, 34.43833292151857], [-119.67535765769595, 34.438347595023714], [-119.67535767985943, 34.43834950801662], [-119.67541605273782, 34.43956113016686], [-119.67541878069561, 34.43977130380413], [-119.67542153732491, 34.43998360493371], [-119.67542146769364, 34.43998360589537], [-119.67542191407978, 34.440041274598855], [-119.67542261354062, 34.440101082124556], [-119.67541385759681, 34.44073135908005], [-119.67538181584003, 34.440727951549405], [-119.67533041489085, 34.44072522251135], [-119.6753144825417, 34.44072345620139], [-119.67526511925603, 34.440720853178036], [-119.6752157176441, 34.44072256595479], [-119.6751666538737, 34.44072857581241], [-119.67511830037756, 34.44073884064107], [-119.67507102549061, 34.44075327691216], [-119.67502518846385, 34.440771782288444], [-119.67498113464103, 34.440794212247916], [-119.67493920880489, 34.44082039432535], [-119.67489972150396, 34.44085013128258], [-119.674835133643, 34.44089285858041], [-119.67480256513308, 34.44094350749807], [-119.67478298545842, 34.441008223141175], [-119.67477107551822, 34.4410742070111], [-119.67476694687136, 34.44114083633435], [-119.6747706402487, 34.441207483903874], [-119.67478204942798, 34.441273520933315], [-119.67438289528475, 34.44133333879143], [-119.67414184414626, 34.44190866864487], [-119.6741080684777, 34.441989119977926], [-119.6741081381107, 34.441989119017016], [-119.67394398414385, 34.442283851871245], [-119.6738861563715, 34.44238163558913], [-119.67384074377081, 34.44246646531221], [-119.67379549188838, 34.442552364859054], [-119.67333564194558, 34.4424235171359], [-119.67333557231223, 34.44242351809635], [-119.67332065474895, 34.44246933914696], [-119.67328845087884, 34.44255835675531], [-119.67325493230767, 34.44265100629299], [-119.67325115576216, 34.4426661141044], [-119.67324701865034, 34.442689762793435], [-119.67324495499669, 34.44271369214982], [-119.67324498903415, 34.442737699870264], [-119.67324711088546, 34.44276161928609], [-119.67325131241465, 34.442785262064824], [-119.67325755297153, 34.44280844663416], [-119.67326579863335, 34.44283100124671], [-119.67329137795335, 34.442885826614166], [-119.67330103584125, 34.442912312768996], [-119.67330420443956, 34.44292100152923], [-119.67330920161459, 34.442939610249105], [-119.67331391525664, 34.44295716163953], [-119.67332044166167, 34.44299402748121], [-119.6733219886016, 34.443011595499755], [-119.67332372479416, 34.44303132396228], [-119.67332373659717, 34.44304897086025], [-119.67332375016704, 34.44306876365687], [-119.67332222184744, 34.44308634974761], [-119.67332050886033, 34.44310606537377], [-119.67331750873582, 34.443123145202236], [-119.67331403094182, 34.44314293836714], [-119.67330436426855, 34.44317911058019], [-119.67330365459881, 34.44318083981179], [-119.67325234145129, 34.44330305637799], [-119.67325224898539, 34.44330311265385], [-119.67323032384719, 34.44335545368026], [-119.67320095864451, 34.44342533429059], [-119.67319461375995, 34.44343920529518], [-119.67318753600847, 34.44345468052105], [-119.67317511854347, 34.443484817157135], [-119.67317301030656, 34.44349125605067], [-119.67317176131604, 34.443495068313744], [-119.67317131635026, 34.4434964305295], [-119.67317087027831, 34.4434977918589], [-119.67316966642615, 34.443501467350615], [-119.67316607644989, 34.44351243041248], [-119.67315605186457, 34.44355414006115], [-119.67315138554478, 34.44360020200208], [-119.673152318136, 34.44363383143996], [-119.67315281407302, 34.44365174215429], [-119.67315312011223, 34.44366274796038], [-119.6731533112069, 34.44366965826206], [-119.67315381939218, 34.44367274210366], [-119.67315389855378, 34.443673215278885], [-119.67315423198916, 34.44367523938892], [-119.67315563945297, 34.443680721835584], [-119.6731575174422, 34.44368605984085], [-119.67315984885748, 34.44369121486962], [-119.67316262845918, 34.443696142813366], [-119.67316582302666, 34.44370081527751], [-119.67316941315768, 34.44370518744716], [-119.6731733667558, 34.44370923271547], [-119.67317766679398, 34.44371291615304], [-119.67318226810119, 34.4437162104316], [-119.67318713538923, 34.44371909259506], [-119.6731922399163, 34.4437215404985], [-119.67319753446183, 34.44372353315363], [-119.67320298283079, 34.44372505663325], [-119.67320854453024, 34.44372609977435], [-119.6732141769816, 34.443726655950975], [-119.67321983428795, 34.443726715878036], [-119.67316753515365, 34.4438035155477], [-119.67311539563936, 34.4438813850515], [-119.67307676553433, 34.44391624264174], [-119.67303813537887, 34.443951099318184], [-119.67299030864126, 34.44397847830217], [-119.67294248187221, 34.444005857267236], [-119.67287838128345, 34.44402582545829], [-119.67281428066394, 34.44404579361543], [-119.67274290934537, 34.44406535616197], [-119.67267153908125, 34.44408491865154], [-119.67262002686685, 34.44409863693624], [-119.67256851572351, 34.44411235518407], [-119.6724598650688, 34.444135703589716], [-119.67235121435317, 34.44415905189805], [-119.67230069961478, 34.44416738337486], [-119.67225018595431, 34.44417571481565], [-119.67219038530635, 34.44418035486053], [-119.67213058356366, 34.444184994890854], [-119.67206855509943, 34.4441934849624], [-119.67200652662265, 34.44420197500217], [-119.67197424629369, 34.44420051199382], [-119.67194196487783, 34.44419904899187], [-119.6718957503304, 34.44419205072573], [-119.67184953579074, 34.44418505244198], [-119.6718099239037, 34.44416269645049], [-119.67177031203789, 34.44414034044604], [-119.67172847451661, 34.44412183267522], [-119.67168663701392, 34.444103324889916], [-119.67162138694873, 34.444066053602896], [-119.67155613694192, 34.4440287822807], [-119.67145096892396, 34.443953892331834], [-119.6713458010952, 34.44387900229145], [-119.6712875742119, 34.44384735953844], [-119.6712293462848, 34.4438157167724], [-119.67117595711296, 34.443795459155375], [-119.67112256686092, 34.44377520062836], [-119.67106011739354, 34.443762702016095], [-119.67099766792683, 34.44375020247029], [-119.67097592534246, 34.44374490090569], [-119.67095418274278, 34.443739598435776], [-119.67092819443788, 34.44373326073947], [-119.67090220504888, 34.443726923052594], [-119.67087585692411, 34.44372049743118], [-119.67084950880344, 34.44371407180409], [-119.6708171510144, 34.44370879198033], [-119.67078479322947, 34.44370351214795], [-119.6707695230591, 34.44370553475814], [-119.67075425288806, 34.44370755736643], [-119.67073815449614, 34.4437096887566], [-119.67072205720959, 34.443711821031044], [-119.67068829630186, 34.44371629198144], [-119.6706493740053, 34.44372827890526], [-119.67061045278558, 34.44374026580155], [-119.6704828500208, 34.44385319335391], [-119.67035524689184, 34.44396611986975], [-119.67018327872086, 34.44389584079185], [-119.6700114704805, 34.4438266295283], [-119.66976154424044, 34.44366567039038], [-119.66976147460602, 34.443665671348754], [-119.66964404066502, 34.4436134547102], [-119.6695268587164, 34.443563376806964], [-119.66948605040527, 34.44354551682056], [-119.66907968822211, 34.44335515398622], [-119.66907961858794, 34.44335515494424], [-119.66898982879871, 34.443311171696635], [-119.66884873502097, 34.44324921109108], [-119.66884264552195, 34.44324469014359], [-119.66883618721174, 34.443240718864274], [-119.66882940634785, 34.44323732456779], [-119.6685347146256, 34.44311307979942], [-119.66853788072076, 34.4431165084996], [-119.6685420306525, 34.44312172876707], [-119.66854571294047, 34.44312729178065], [-119.66854889409473, 34.44313315562359], [-119.66855155032727, 34.44313927373745], [-119.66855366436018, 34.44314559857259], [-119.66855458105071, 34.44314941616384], [-119.66855522110971, 34.44315208345075], [-119.66855597839373, 34.44315717906573], [-119.66855610528191, 34.443158025770934], [-119.66855620220997, 34.443158680837286], [-119.66855661098329, 34.44316533929256], [-119.66855643227363, 34.44317200853281], [-119.6685556748075, 34.4431786352407], [-119.66855434522549, 34.44318517063606], [-119.66855244906235, 34.44319156505199], [-119.66847565748338, 34.4432900937967], [-119.66840252423394, 34.443383927792624], [-119.66833579388428, 34.44348022535342], [-119.66826685583725, 34.443579708097815], [-119.6682932398294, 34.44365007953353], [-119.66829875536868, 34.44366479251001], [-119.66830688888125, 34.44368648430319], [-119.66832683303035, 34.443739680443805], [-119.6682781721327, 34.443830334021555], [-119.66822936045583, 34.44392139809741], [-119.66788444650064, 34.44405918663563], [-119.66763643629793, 34.44381667618056], [-119.66749364109094, 34.44411772440001], [-119.6673861096627, 34.44420377144923], [-119.66763093066949, 34.44435516699813], [-119.66749726672883, 34.44441202907142], [-119.66736346331732, 34.44446889200992], [-119.66720246895443, 34.44458160592186], [-119.66717713250796, 34.4445993432675], [-119.66696865390253, 34.44466823743096], [-119.66690285001054, 34.444689983151704], [-119.66665587638585, 34.44483045547485], [-119.66664619180419, 34.44484033081594], [-119.66654011038985, 34.444948561129955], [-119.66651778607175, 34.444970911260036], [-119.66648861559892, 34.44500020253505], [-119.66646926078637, 34.445019804219434], [-119.66636707724682, 34.44512329497274], [-119.66633215074573, 34.44515853408975], [-119.66631689525136, 34.445173925556354], [-119.66630493191143, 34.445185993415265], [-119.6662501188973, 34.44529297019191], [-119.66624760068572, 34.44529798637795], [-119.66618395962509, 34.44542485929174], [-119.66616050203116, 34.44547162709315], [-119.66612004228465, 34.445551641289526], [-119.66606705084517, 34.445656448841525], [-119.66605596687795, 34.44567836591185], [-119.66599135621323, 34.44580614465887], [-119.66597630224348, 34.4458359145824], [-119.66595984953977, 34.4458684501278], [-119.66592868528978, 34.44593008456851], [-119.6658845524973, 34.44601736589655], [-119.6658772657557, 34.44603177599105], [-119.6658638067675, 34.44605852962855], [-119.6657979092716, 34.4461887125899], [-119.6657922787653, 34.44619984679569], [-119.66573404835376, 34.44631500038582], [-119.66567157103968, 34.44643870035621], [-119.66561951892407, 34.44654149944968], [-119.66560257656184, 34.4465751425745], [-119.66558556453099, 34.446608785751465], [-119.66532135343309, 34.44752021600278], [-119.66505713655127, 34.448431645618925], [-119.66501867941226, 34.44856430431154], [-119.6636716441405, 34.450245010552145], [-119.66407903152079, 34.45024644212676], [-119.66407910116075, 34.450246441171636], [-119.66480213064273, 34.450248977644264], [-119.66480220028272, 34.45024897668874], [-119.6658103199201, 34.45025250623258], [-119.6658103895601, 34.45025250527645], [-119.66647372360256, 34.45025482169992], [-119.6664737932425, 34.4502548207434], [-119.667168179013, 34.45025724424533], [-119.66716824865303, 34.45025724328837], [-119.66736333288245, 34.45025792202078], [-119.66754440324596, 34.449905881199825], [-119.66756911394046, 34.44985785616461], [-119.6676095286984, 34.449779310019146], [-119.66766022699885, 34.449680779062525], [-119.66775262720228, 34.44950119925213], [-119.66775269684162, 34.449501198294904], [-119.66783537421722, 34.449340381894984], [-119.6678774489744, 34.44925860927891], [-119.6679922998284, 34.449035396491354], [-119.66799236946734, 34.449035395533976], [-119.66814039228123, 34.44874770598556], [-119.6684054902123, 34.4482312940213], [-119.66826614734484, 34.44810316733929], [-119.66803488829859, 34.44789058284239], [-119.66803495793658, 34.447890581884955], [-119.66814272845228, 34.44724367309948], [-119.66827696040089, 34.44699109732071], [-119.66835059021189, 34.446852624197426], [-119.66846979274884, 34.446628571089725], [-119.66883081448582, 34.44663104336043], [-119.67022120567967, 34.44664055280684], [-119.67147621819821, 34.44664912272748], [-119.67165235724394, 34.446657109047365], [-119.67211790084136, 34.44665601246441], [-119.67212086470707, 34.447420678115435], [-119.67212079505138, 34.447420678173835], [-119.67212157055296, 34.44779796653316], [-119.67212259903926, 34.44817739190747], [-119.67212648233686, 34.44987372370998], [-119.67212734774844, 34.450252505695595], [-119.67212727810849, 34.45025250665539], [-119.67106105065976, 34.45024920147928], [-119.67084476067724, 34.45024853039356], [-119.67036902741647, 34.45024705174763], [-119.670155400633, 34.4502650898203], [-119.67009128975292, 34.450264957072996], [-119.67005241529239, 34.45085348345629], [-119.67005235918107, 34.45085437595782], [-119.67004229624811, 34.45099929558603], [-119.67001600225188, 34.451377919285406], [-119.67001344975006, 34.45141513925414], [-119.66999651646587, 34.45166663707551], [-119.66999092519869, 34.45174825540506], [-119.66999099483992, 34.45174825444652], [-119.66992724313526, 34.45269313670249], [-119.66989574958649, 34.453159892147156], [-119.669893942117, 34.45318666979572], [-119.66988145829772, 34.45337415699827], [-119.66988102331896, 34.45337938712826], [-119.66984794922043, 34.45387199647165], [-119.66988030368597, 34.45387170717513], [-119.66991258957842, 34.45387141791215], [-119.66991265922137, 34.45387141695365], [-119.67055496650204, 34.453862575179855], [-119.67102053399623, 34.45385616421665], [-119.67108678511407, 34.453855251779466], [-119.67155372906248, 34.45384881981191], [-119.67199020985872, 34.45384411953671], [-119.67205771705936, 34.45384342368844], [-119.67205778062787, 34.45384339125481], [-119.6725781919208, 34.453843598499354], [-119.67276337131479, 34.45384353601532], [-119.67403147724563, 34.45384310311232], [-119.67418324734722, 34.453843052185995], [-119.67474087212359, 34.45384285658964], [-119.67493407785723, 34.45384278820441], [-119.6751273532516, 34.45384271945146], [-119.67524133528349, 34.45384268848294], [-119.67524725630159, 34.45454975202856], [-119.67525317742023, 34.455256815536785], [-119.67528528578909, 34.455278077586755], [-119.67531355178593, 34.45530280090992], [-119.67533743476082, 34.455330515100606], [-119.67536020109615, 34.45536797258321], [-119.67537497364818, 34.455408084888376], [-119.67538132630378, 34.45544969117036], [-119.67537907370995, 34.45549158668316], [-119.67536828072463, 34.45553255961755], [-119.67525796217151, 34.45582798933122], [-119.67527146419029, 34.45743941885689], [-119.67527209956593, 34.457515189061944], [-119.67544189435381, 34.45751593370474], [-119.67684893461195, 34.4575220949603], [-119.67827541686346, 34.45752833345985], [-119.67933031167762, 34.457532928062214], [-119.67955893520673, 34.4575309457542], [-119.67994439654176, 34.45753275789191], [-119.68158151093151, 34.45754044298015], [-119.68178485737944, 34.45754139631451], [-119.68186773874228, 34.45754178393923], [-119.6827867147885, 34.457542753065226], [-119.68280561372829, 34.457594828970464], [-119.68280448543699, 34.457615802542534], [-119.6827946128951, 34.45779552625624], [-119.68279246610467, 34.45780596285908], [-119.68278978782949, 34.45781466214239], [-119.68278636066898, 34.45782309320205], [-119.68278221274772, 34.457831193434174], [-119.6827773745127, 34.457838907415876], [-119.68277188477016, 34.457846162476955], [-119.68276577962693, 34.457852913935874], [-119.68275911022444, 34.457859106984294], [-119.68275192895624, 34.45786469491151], [-119.68274428945006, 34.45786963820275], [-119.68273624208717, 34.45787389829003], [-119.68272785678225, 34.4578774336295], [-119.68271919637913, 34.45788022982483], [-119.68271032560635, 34.45788225802722], [-119.68259352100888, 34.45790949814462], [-119.68226260861161, 34.45806958744112], [-119.68225201664329, 34.458075753695184], [-119.68224817047592, 34.4580787509013], [-119.68224432429004, 34.45808174720595], [-119.68224240928583, 34.45808324163945], [-119.68224049428154, 34.45808473607295], [-119.68223863801873, 34.45808639018545], [-119.68223678282587, 34.45808804338146], [-119.68223348219999, 34.45809164253831], [-119.6822301815556, 34.45809524079362], [-119.68222853382635, 34.45809703357376], [-119.68222688718525, 34.458098826338784], [-119.68222534602464, 34.458100775429955], [-119.68222380595216, 34.45810272450599], [-119.68222116559566, 34.458106839268154], [-119.68221852630896, 34.45811095311376], [-119.68221720501494, 34.458113009157735], [-119.68221588480911, 34.4581150651867], [-119.68221468346565, 34.45811723948697], [-119.68221348210393, 34.45811941288586], [-119.68221149253706, 34.45812389731786], [-119.68220950407635, 34.45812838263613], [-119.68220790956669, 34.45813302478956], [-119.68220631503866, 34.458137666041516], [-119.68220513333938, 34.4581424287027], [-119.68220395272827, 34.45814719134874], [-119.68220319074682, 34.45815203925753], [-119.68220242985348, 34.458156887151226], [-119.6822020933725, 34.458161783259996], [-119.68220175796156, 34.458166678452294], [-119.68220184837452, 34.45817158397078], [-119.68220193878754, 34.45817648948926], [-119.68220245647244, 34.458181369247995], [-119.68220297524569, 34.45818624899159], [-119.68220391834956, 34.458191065146984], [-119.68220486145354, 34.458195881302316], [-119.6822062183292, 34.45820059614649], [-119.68220757627506, 34.45820531007422], [-119.68223590777592, 34.45826307453332], [-119.68226424038599, 34.458320838069014], [-119.68228670274321, 34.45840010345209], [-119.68230909549644, 34.45847936979611], [-119.68230916514311, 34.458479368830524], [-119.68313797776307, 34.458504045540394], [-119.68478089423779, 34.458193060963595], [-119.68463496053984, 34.457544750233296], [-119.68742877267277, 34.45754452369537], [-119.68781474155058, 34.45756822017352], [-119.68995007315333, 34.457556738499854], [-119.69032863943134, 34.457548618899104], [-119.69210014907544, 34.45752217843842], [-119.69223424757301, 34.45787883599722], [-119.69224689689898, 34.45798216812369], [-119.69241235908228, 34.45823743571876], [-119.69220744061158, 34.45869279853582], [-119.69200284201627, 34.45915029882005], [-119.6923601360636, 34.45915345170184], [-119.69274116405607, 34.45969155418264], [-119.69312251912358, 34.46023179327082], [-119.69269414487755, 34.460569664415864], [-119.69226609035502, 34.46090967095146], [-119.69280053052671, 34.46122526051112], [-119.69308236673939, 34.46104255107192], [-119.69337070480914, 34.46106716221575], [-119.69377317512028, 34.46119577367622], [-119.69404986101267, 34.46155350725334], [-119.6954244513628, 34.46046934466861], [-119.69587708372134, 34.45989379042258], [-119.69665577784097, 34.45942612952709], [-119.69692679408027, 34.45911617789806], [-119.69691541252918, 34.45755026780796], [-119.6971177721088, 34.45754832306823], [-119.69766287255452, 34.45754308349049], [-119.69768392158424, 34.45754288095735], [-119.69913455239993, 34.45752892369079], [-119.69986004012564, 34.457521937039665], [-119.69989075661218, 34.45752164106708], [-119.70097343603253, 34.45751081079311], [-119.70136265870445, 34.457506914638856], [-119.70163684344152, 34.45750416982608], [-119.70189921789539, 34.457501542258306], [-119.70184955231224, 34.4580703812816], [-119.70213910788955, 34.45808030708168], [-119.70220000812736, 34.4580794067775], [-119.70226028499557, 34.45807256158185], [-119.70231916431284, 34.458059867112105], [-119.70237582023535, 34.45804150086049], [-119.70250954645515, 34.45799040255261], [-119.70257640949427, 34.457964852892665], [-119.7026432724924, 34.45793930319578], [-119.70269444826829, 34.457923049620746], [-119.70272110548015, 34.45791778949846], [-119.70274776375844, 34.45791252845369], [-119.70280228985457, 34.45790792314282], [-119.702829680649, 34.45790861983333], [-119.70285707251368, 34.45790931560102], [-119.70291115439248, 34.4579166795912], [-119.70293737284342, 34.45792328320173], [-119.7029635924052, 34.45792988769267], [-119.70301346854971, 34.45794870844448], [-119.70308867074083, 34.457982227686536], [-119.70316380445308, 34.4580157487456], [-119.70322684345383, 34.45748841551944], [-119.70350101921517, 34.45748576580061], [-119.7041297979033, 34.457479688422914], [-119.70412486776341, 34.45576892606524], [-119.70411940321048, 34.453872986955176], [-119.70405937254313, 34.45387362449279], [-119.70361764614313, 34.45387840019006], [-119.70277628808454, 34.45388779601867], [-119.70241073542597, 34.453891876074145], [-119.7013392262663, 34.453903830930194], [-119.70134358886315, 34.45353810936279], [-119.7013577826659, 34.45234838804244], [-119.70136079269284, 34.45181869023287], [-119.70135831558132, 34.451320406261814], [-119.70135584901928, 34.450823968708335], [-119.70135713305174, 34.45066868532027], [-119.7013531652527, 34.45028201157358], [-119.70141106475486, 34.450171884251354], [-119.70358852244821, 34.4501639169087], [-119.70411146335638, 34.45014628970251], [-119.70409278236788, 34.449909095588126], [-119.70407516184505, 34.44968637793302], [-119.70405786489341, 34.44946579805486], [-119.70405418452756, 34.44934888647786], [-119.70405082657834, 34.44923411359954], [-119.70404992030453, 34.44913431158787], [-119.70404933643835, 34.449036648275325], [-119.70404668441873, 34.44870593772154], [-119.7040443558926, 34.44837736494309], [-119.70404281223786, 34.44819329080158], [-119.70404159099124, 34.44801135535766], [-119.70404008749709, 34.44783301876473], [-119.70403869884859, 34.44762822516615], [-119.70404646728015, 34.44730225247238], [-119.70405455694205, 34.44697841758451], [-119.70405982331879, 34.4467549366169], [-119.70406541095693, 34.44653359345955], [-119.70407241789175, 34.44623881238668], [-119.7040797460648, 34.44594616912132], [-119.70408621548862, 34.44594782385142], [-119.70442962717006, 34.44603460230517], [-119.7047729699127, 34.44612137986345], [-119.70498889415666, 34.446199249985405], [-119.70520481987404, 34.44627711880595], [-119.70566785689395, 34.446388920234625], [-119.70613089624527, 34.44650071988001], [-119.70616246738712, 34.44650036966887], [-119.70647900896815, 34.446496854527396], [-119.70682712164019, 34.44649298727472], [-119.70733172658247, 34.44660511367232], [-119.7078363339718, 34.44671723795519], [-119.7083857696834, 34.44673603174386], [-119.70827072178881, 34.44655900082873], [-119.70834151557754, 34.44656127700215], [-119.70851897533345, 34.44659585765191], [-119.70850387675681, 34.44654263108281], [-119.7084891017786, 34.44649154228336], [-119.70848513427704, 34.4463793927986], [-119.70848148927621, 34.44626938109991], [-119.70832910351649, 34.44607705111713], [-119.70822583847756, 34.445946713177285], [-119.70825906514676, 34.44580892622692], [-119.70829261418889, 34.44567327705385], [-119.70837697027001, 34.445616341797155], [-119.70846164874108, 34.445561545170264], [-119.7085282696169, 34.445516332192774], [-119.7085952129103, 34.44547325696547], [-119.70860838548597, 34.4452968513918], [-119.70862188156467, 34.44512258268472], [-119.7086360757955, 34.444935930749246], [-119.70909992935249, 34.444158609462804], [-119.70910124422501, 34.44390871566289], [-119.709102881604, 34.443660960545806], [-119.70930396728782, 34.44354542081196], [-119.70944985109578, 34.44331332998574], [-119.70961617377203, 34.44320764321872], [-119.70973760438227, 34.44302213883341], [-119.70994926460168, 34.44291568550367], [-119.71008276126767, 34.44279725963491], [-119.71008490847107, 34.44279333422313], [-119.71009911961775, 34.4427673520103], [-119.7102359505732, 34.44250241700724], [-119.71045252841243, 34.44239237609048], [-119.71059431461997, 34.4422846616212], [-119.71063060494909, 34.44221743653109], [-119.71066689521967, 34.44215021142978], [-119.71077656859391, 34.441891419379175], [-119.71088624237447, 34.44163262720935], [-119.71092019469435, 34.44147854619686], [-119.71095414797657, 34.44132446515786], [-119.71106278011293, 34.441245803723724], [-119.71117141313202, 34.441167142176546], [-119.71119701886123, 34.441158504714615], [-119.71152037410718, 34.44104942885551], [-119.71161264401367, 34.44099254368454], [-119.71167204113983, 34.44095592439278], [-119.71200699263424, 34.44054981391752], [-119.71221742833748, 34.44037477770343], [-119.71249342400401, 34.440354606214434], [-119.7126587103239, 34.44034345649196], [-119.71267870458529, 34.44064400039592], [-119.71267874421459, 34.440665293307056], [-119.71274318797235, 34.44066453586645], [-119.71282777250966, 34.44066317123304], [-119.71332389713766, 34.4406699012326], [-119.71385113037658, 34.44080376212557], [-119.71392171776297, 34.44082156438515], [-119.71391566062789, 34.44091866168228], [-119.713867442004, 34.440899364941984], [-119.7138100893736, 34.44092697866564], [-119.71374973120074, 34.44094081065197], [-119.7136916358299, 34.4409541246517], [-119.7135000140102, 34.44099803878134], [-119.71334938475307, 34.44107286124218], [-119.71328849026297, 34.4411031097807], [-119.7134668226368, 34.44124983927272], [-119.71347050349922, 34.44125238675343], [-119.7134739513998, 34.44125477252161], [-119.71348542664624, 34.44126196794261], [-119.71349690187621, 34.44126916246117], [-119.71352220932552, 34.44128052200557], [-119.71351398197329, 34.4414505694297], [-119.71350460421571, 34.441811434005515], [-119.71349878210572, 34.44217193637699], [-119.71349343750092, 34.44232346817115], [-119.71354102125022, 34.44231833018411], [-119.71424314196405, 34.442242603711655], [-119.7144354500945, 34.44222185848414], [-119.71441503316788, 34.4420786144247], [-119.71439074968444, 34.4419149754762], [-119.71488454199289, 34.44186467905908], [-119.71489668365649, 34.44194649849274], [-119.71490882643194, 34.44202831790932], [-119.71506716542085, 34.44201577722928], [-119.71506379888939, 34.44199605153537], [-119.71506333986085, 34.44198887724674], [-119.71504926991813, 34.441848794915074], [-119.71503016648369, 34.4417200706532], [-119.71500879590225, 34.44157606383305], [-119.71516847321601, 34.441559799189], [-119.7153281515369, 34.44154353341808], [-119.71539159088539, 34.44181392087718], [-119.71539853547223, 34.441848682456936], [-119.71545928063966, 34.4418408843696], [-119.71554126372476, 34.441830358669584], [-119.71567323411722, 34.44181342121997], [-119.71569358561027, 34.44181035089509], [-119.7157214717512, 34.44180824066453], [-119.71574836053846, 34.44180864392022], [-119.71613147353149, 34.441851023515085], [-119.71615318394836, 34.44185506327463], [-119.71618432929637, 34.44185811208581], [-119.71621567433321, 34.44185844047631], [-119.71624693469606, 34.44185603353402], [-119.71624992943688, 34.4419014282618], [-119.71625029638845, 34.441949171106266], [-119.71645848432283, 34.44194807047641], [-119.71645858296404, 34.44196030002956], [-119.71667499341171, 34.4419591557242], [-119.716675558132, 34.44194542454488], [-119.7171740989316, 34.441942891610886], [-119.71721202161316, 34.44194289220992], [-119.7172120254464, 34.441558255133494], [-119.71721202805251, 34.441244538645385], [-119.71721239322994, 34.441210317469704], [-119.71726843998108, 34.44121547052632], [-119.71774403329749, 34.441270266265064], [-119.71774930433082, 34.441270492782884], [-119.71774977053322, 34.44127051232972], [-119.717750074438, 34.44127052515802], [-119.71775079446009, 34.441270556438965], [-119.71775184453608, 34.44127060198137], [-119.717752651691, 34.44127063653686], [-119.71775356559989, 34.44127067589231], [-119.71775390762176, 34.44127068998421], [-119.71775652606992, 34.441270793566396], [-119.71776064085928, 34.44127094538847], [-119.71776248803788, 34.44127101300529], [-119.71776493516829, 34.44127109466841], [-119.71777592934072, 34.44127141146197], [-119.7178101656044, 34.441272256623066], [-119.71784938377492, 34.441273029426], [-119.717899352315, 34.441274012449085], [-119.71793806324659, 34.44133797679431], [-119.71844056138522, 34.44137786855945], [-119.71870833353873, 34.44149931694905], [-119.71875814396161, 34.44149906478955], [-119.71875494750725, 34.4414512393934], [-119.71874440699433, 34.4414035676365], [-119.71872672812421, 34.4413573675279], [-119.71870219159823, 34.44131337264184], [-119.71867101162485, 34.441272047898615], [-119.71861556675836, 34.44121723190339], [-119.71855690081334, 34.441166752491455], [-119.7184941731424, 34.44111974335426], [-119.71842768436707, 34.4410764274443], [-119.7183591693934, 34.4410378134782], [-119.71835173904716, 34.44098737463671], [-119.71834468152151, 34.44079430758553], [-119.71835608847786, 34.440427426577635], [-119.71833404601587, 34.440417409435945], [-119.7183341816565, 34.44041301284679], [-119.71833589672586, 34.44035752683487], [-119.71835899688945, 34.440329303317576], [-119.71836360161039, 34.44018027111145], [-119.71854270105834, 34.44011988297412], [-119.71859393890726, 34.44009855789821], [-119.71901350675515, 34.43992393701466], [-119.71927472094406, 34.44060393356749], [-119.71939298431465, 34.44090236986509], [-119.71949905746243, 34.44117430786963], [-119.71953532440938, 34.441271698270256], [-119.71956262480865, 34.441341895597205], [-119.71978672376761, 34.441918122701715], [-119.71980476991448, 34.44196452393656], [-119.71985614171811, 34.44209602343083], [-119.72012697822063, 34.44278812089791], [-119.72015314881175, 34.44285499799295], [-119.72020412343147, 34.44298239052855], [-119.71994682965214, 34.4429094861902], [-119.71994285590694, 34.443488796589044], [-119.71993920488211, 34.444070244721], [-119.71993860239927, 34.44411136513775], [-119.7199383216224, 34.444154624228204], [-119.71993760651566, 34.44420667881185], [-119.71993721416577, 34.44426087025097], [-119.7199363374461, 34.44432849510563], [-119.71993578241378, 34.44439825773239], [-119.71993481907428, 34.444474124042], [-119.71993579062116, 34.444552403701195], [-119.7199369882873, 34.44468056783873], [-119.71993850982369, 34.44481086971652], [-119.71993935811332, 34.44490578575913], [-119.71994052920287, 34.44500284045934], [-119.71991696337379, 34.44515703840772], [-119.72023009439222, 34.44540327704073], [-119.72030698219461, 34.44531076797738], [-119.72036256734275, 34.4452609865301], [-119.72039815488762, 34.44522401172745], [-119.72044862734693, 34.44517157162604], [-119.7204525790122, 34.44516771691328], [-119.7204568547863, 34.44516422006957], [-119.72046142153596, 34.445161110417764], [-119.7204662361303, 34.44515840750418], [-119.72047126860683, 34.44515613609845], [-119.72047648553419, 34.445154311101064], [-119.72048184160556, 34.44515295208937], [-119.7204855783548, 34.44515228597153], [-119.7206016475599, 34.44522972408397], [-119.72066264474157, 34.44526852010038], [-119.7208062809308, 34.445359987214815], [-119.72094025838534, 34.445445304832184], [-119.72109604908167, 34.445544513929036], [-119.72123500153734, 34.44561479948287], [-119.7213224476155, 34.44564458026659], [-119.72148305341823, 34.44569927255271], [-119.72166075754386, 34.44575979463801], [-119.72185074144097, 34.4458244962805], [-119.72194834767053, 34.44585773633741], [-119.72203459071669, 34.4458871054032], [-119.722217800219, 34.44594949972225], [-119.72240021966896, 34.44601162276654], [-119.7225849970949, 34.446074547895094], [-119.72276952932135, 34.446137391472135], [-119.7228545123696, 34.44616632792864], [-119.72295235949522, 34.446199651228106], [-119.72299699839651, 34.4462148530568], [-119.72313711805859, 34.44626257038478], [-119.72314909084605, 34.44626791035181], [-119.72334900739898, 34.44629248378043], [-119.7233265134886, 34.44634705321718], [-119.72332579694215, 34.4464229160811], [-119.72332540324771, 34.44650091579081], [-119.72332511463381, 34.44654092454919], [-119.72333689212776, 34.44664462708583], [-119.72333355062763, 34.4472052374718], [-119.72333053089014, 34.44776798649938], [-119.72332928215069, 34.44795864668695], [-119.72332835737213, 34.44815144460376], [-119.72332781538032, 34.448217283978316], [-119.72332759733607, 34.4482852601831], [-119.72332697799138, 34.448365189023676], [-119.72332668045566, 34.44844725652798], [-119.72332669096711, 34.448475161716104], [-119.7233266279803, 34.44890732069609], [-119.72332688787588, 34.4493416174097], [-119.72332689197464, 34.449355435221854], [-119.7233268318134, 34.44979567116368], [-119.72332709861827, 34.45025186174834], [-119.72278145432192, 34.45025153468854], [-119.7223661037759, 34.45025128513594], [-119.7221604459115, 34.45025115959294], [-119.72180110250953, 34.45025094082986], [-119.7215556390519, 34.45025079127134], [-119.72145091730229, 34.450250726310585], [-119.72135440134709, 34.45025066566047], [-119.72126800692051, 34.45025061372002], [-119.72115757083583, 34.450250545721126], [-119.72103260071988, 34.45025046919417], [-119.72088773921345, 34.450250379834884], [-119.72079609301252, 34.4502503236046], [-119.72057758975501, 34.45025047314067], [-119.72055609683599, 34.45025017563004], [-119.72035870506679, 34.4502474385381], [-119.72015592401317, 34.450244626055515], [-119.72014971163543, 34.45024454011373], [-119.71995771682526, 34.450241878232774], [-119.7197631046911, 34.45023918011353], [-119.71956932870721, 34.45023649237299], [-119.71956435439228, 34.45023643123206], [-119.71936630018008, 34.45023402560948], [-119.71895221214344, 34.450234019682334], [-119.71894694906939, 34.45043359347691], [-119.71894471270157, 34.45051121525658], [-119.7189427991049, 34.45059097479441], [-119.7189342191237, 34.450916162715785], [-119.7189335053439, 34.450936155299964], [-119.71893311540987, 34.45095828472595], [-119.7189301411422, 34.45107091738842], [-119.71892838530086, 34.451137442003066], [-119.71892680604735, 34.45119011379791], [-119.71892547992904, 34.45124492433774], [-119.71892120353192, 34.451409787562504], [-119.71892097159028, 34.451564096422025], [-119.71892106351515, 34.45172054302286], [-119.71892077131702, 34.452014015912766], [-119.71892080191685, 34.452309627456195], [-119.71892061934905, 34.45234970949192], [-119.71892076065093, 34.45239192927054], [-119.71892027420749, 34.4531326616332], [-119.71892021585828, 34.4536270982537], [-119.71891984712688, 34.45409284680395], [-119.71891980011195, 34.45456073401306], [-119.71891950506618, 34.45485913081658], [-119.71891953172256, 34.455159665386894], [-119.71891943796389, 34.455374179317616], [-119.718919229559, 34.4558374658229], [-119.72081525690841, 34.455840679785446], [-119.7214399379976, 34.45584173337818], [-119.7232427874861, 34.45584518811653], [-119.72337547853458, 34.45584544225472], [-119.72331529713242, 34.45500111529899], [-119.72325544093887, 34.45415892599176], [-119.72325604790092, 34.454055622854305], [-119.72325697776056, 34.45395445746278], [-119.72772825796844, 34.454039407682814], [-119.72775863169872, 34.45265499106178], [-119.728090496199, 34.45269263185229], [-119.72808760631479, 34.45257757572182], [-119.72808445274592, 34.45246229612864], [-119.72802366908331, 34.452132139573045], [-119.72794317074715, 34.45169489095052], [-119.72828211936775, 34.451367521935296], [-119.72862122576656, 34.451041221748774], [-119.72877209715153, 34.4509601158923], [-119.72894241718942, 34.45086855750872], [-119.72911191984278, 34.45077743791426], [-119.7292780335334, 34.450688139036], [-119.7294463061528, 34.45059767847363], [-119.72961750840817, 34.45050564219052], [-119.72978310983383, 34.45041662310819], [-119.72994622104817, 34.450328936784594], [-119.72999034227755, 34.450303967458794], [-119.73003421794635, 34.450273938817006], [-119.73007530523259, 34.45024020173399], [-119.73011329703421, 34.45020301035074], [-119.73014790542324, 34.45016265099441], [-119.73017576538825, 34.4501217630152], [-119.73019994630982, 34.45007861745061], [-119.73022028871821, 34.45003350150049], [-119.7302366166137, 34.44998679727422], [-119.73023994504283, 34.449975065240906], [-119.73024779295999, 34.44994344583658], [-119.73028787604068, 34.44978048045337], [-119.73032758689854, 34.4496190423576], [-119.73036745995633, 34.449456932000544], [-119.7304066910828, 34.44929745911079], [-119.73045345572463, 34.44910733153104], [-119.73051897201921, 34.44884020007702], [-119.73052633277581, 34.44881479189687], [-119.73062004599898, 34.448838381477344], [-119.73187070799716, 34.449252117760295], [-119.73190857463439, 34.44926464313459], [-119.73234508160071, 34.449409042076994], [-119.73234793232143, 34.449685727979855], [-119.7323511051089, 34.44996455251702], [-119.73235243501756, 34.450100870352884], [-119.73235408804895, 34.45023932591042], [-119.73166891696808, 34.45024504512465], [-119.73113778247355, 34.450249459870996], [-119.73113771283434, 34.450249460864626], [-119.73030072544294, 34.45025642774615], [-119.73029387773624, 34.45028683999714], [-119.72994509321344, 34.45048225700151], [-119.72966391889074, 34.45063979532624], [-119.72936056328997, 34.4508097556865], [-119.72904163896037, 34.45098844156004], [-119.72886361376466, 34.45108818150101], [-119.72870409818441, 34.45118031526219], [-119.72809266414795, 34.451766510065305], [-119.72812633917682, 34.45194923071037], [-119.72816033737149, 34.452134089077425], [-119.72819131129837, 34.452302134953406], [-119.72822260726434, 34.45247231766709], [-119.72822911484847, 34.45258965485181], [-119.72823594545436, 34.452709128867305], [-119.7285695663625, 34.45271868109346], [-119.72913314619288, 34.4527348050836], [-119.72912866573418, 34.452991648885785], [-119.7291586948632, 34.4537899566074], [-119.72879918843401, 34.45422307311564], [-119.72859711806248, 34.45455197558747], [-119.72860818955121, 34.45463330861887], [-119.72861958518948, 34.454716779365505], [-119.72867099079468, 34.454813677394306], [-119.72872239760773, 34.454910575385135], [-119.7289764325746, 34.45534412362759], [-119.72919690145316, 34.45555078725773], [-119.72909383590846, 34.45568467323747], [-119.72887337913262, 34.45567505713481], [-119.72832919288557, 34.455665430455596], [-119.7277853297864, 34.45565793907032], [-119.7277662511912, 34.45567570286492], [-119.72774717365739, 34.4556934657396], [-119.72771725477516, 34.45571921025706], [-119.72769900849698, 34.4557349109223], [-119.72769400258093, 34.455739218180256], [-119.72768875177219, 34.455743736305756], [-119.72768733694396, 34.45574495385026], [-119.72766594692631, 34.456628551902014], [-119.72764487946154, 34.457514286724646], [-119.72761483876467, 34.45752312599387], [-119.72700305303665, 34.45751151716821], [-119.72688001264221, 34.45750917933056], [-119.72673199049916, 34.45750636916022], [-119.72498123812521, 34.45747282485819], [-119.72323081118134, 34.457441393929486], [-119.72322895541153, 34.457887409463666], [-119.72322742255592, 34.45833556363033], [-119.7232267994161, 34.458500459007084], [-119.72322666457015, 34.45856404562277], [-119.72322629167647, 34.458663619762255], [-119.7232262406107, 34.458765331662434], [-119.72322601257066, 34.45880643052533], [-119.72322610744776, 34.458849667134054], [-119.72322567359295, 34.45902155124772], [-119.72322556263634, 34.45919557220365], [-119.72322222214711, 34.4598490587888], [-119.72321920451034, 34.46050468218588], [-119.72321760667442, 34.46088217721158], [-119.72321633175054, 34.46126180997205], [-119.72399853051941, 34.461255753118714], [-119.72439311820406, 34.461252696221415], [-119.72544107989141, 34.46124457071651], [-119.72544245165955, 34.46137913854907], [-119.725444147505, 34.461515844104404], [-119.72544571154177, 34.46152507554984], [-119.72544671842176, 34.461529747133554], [-119.72544787026945, 34.4615341650942], [-119.72544928321132, 34.46153873262351], [-119.72545081586678, 34.46154303606889], [-119.72545262098942, 34.46154746006836], [-119.72545452389237, 34.461551612180884], [-119.72545670536245, 34.461555864022635], [-119.72545896588821, 34.46155983342385], [-119.7254615088298, 34.46156387815482], [-119.72546410463403, 34.461567637211026], [-119.72546699315761, 34.46157144349921], [-119.72546990722513, 34.46157495909124], [-119.72547311245677, 34.46157849939578], [-119.72547631927188, 34.461581748443244], [-119.72547982543408, 34.46158499684058], [-119.72548330154542, 34.461587950823954], [-119.72548707546719, 34.46159088253938], [-119.72549079659672, 34.46159352557403], [-119.72549481154321, 34.46159611123297], [-119.72549874677108, 34.46159842211892], [-119.725502972028, 34.46160065043653], [-119.72550709257355, 34.46160260613993], [-119.72551363427016, 34.461605251443395], [-119.7255225133075, 34.46160811416944], [-119.72553161130487, 34.46161019655453], [-119.72554085324677, 34.46161150327208], [-119.72554789612711, 34.46161201624592], [-119.7255524633125, 34.461612044169605], [-119.72555604580236, 34.46161193732274], [-119.72556171480377, 34.46161144825767], [-119.72556416932105, 34.46161122671086], [-119.7255665552591, 34.46161100523755], [-119.72566623794006, 34.46160654277584], [-119.72572172919833, 34.461592977155426], [-119.72574715459079, 34.461589060334035], [-119.72577819155671, 34.46158429999672], [-119.72604404923612, 34.4615590267761], [-119.72606377140782, 34.46155783466541], [-119.72608331875274, 34.461554930992015], [-119.72610253592866, 34.46155033149061], [-119.72612128006884, 34.46154407606304], [-119.72613940633585, 34.461536214557555], [-119.72615678081243, 34.461526798470594], [-119.72617326798436, 34.461515907272414], [-119.72618874096888, 34.461503616704135], [-119.72620308539649, 34.46149002847687], [-119.72621618896233, 34.46147523886233], [-119.72622207252067, 34.46146730084601], [-119.72622797504982, 34.46145933280486], [-119.72623829569545, 34.46144252429877], [-119.72624712654255, 34.4614248461504], [-119.72625438293808, 34.461406468173976], [-119.72626001111581, 34.461387527284536], [-119.72626330896034, 34.461372066574256], [-119.72627651974665, 34.46123808563446], [-119.72633176709535, 34.46123765670874], [-119.72637593568814, 34.46123731865531], [-119.72666887603724, 34.46123503865322], [-119.7277691320168, 34.46125073073061], [-119.72778076853768, 34.46164786685316], [-119.727784184338, 34.461651687219714], [-119.72793338768962, 34.46125896465008], [-119.72934978400595, 34.46125258221067], [-119.73006625167301, 34.461238682350924], [-119.73360153378742, 34.46120399166346], [-119.73713713621606, 34.46117133479428], [-119.73781502827593, 34.46116485620312], [-119.73776737579155, 34.46138195704604], [-119.73773012623846, 34.46154985965308], [-119.73769319876568, 34.46171990087049], [-119.73767706152341, 34.46179160810424], [-119.73766124864133, 34.46186545302691], [-119.73787018838932, 34.4622509856618], [-119.73807945336702, 34.46263865472998], [-119.73851523899131, 34.46285137579297], [-119.73895135018005, 34.46306623299096], [-119.74052131406154, 34.46383612602627], [-119.74052070227891, 34.46382227723224], [-119.74051953693463, 34.46380845441128], [-119.74051781833047, 34.46379467198552], [-119.74051555001436, 34.46378094342889], [-119.74051273666005, 34.46376728400251], [-119.74050937748103, 34.463753708144196], [-119.74050547720762, 34.46374023381917], [-119.74050104263374, 34.463726873553156], [-119.74049607406106, 34.46371364176826], [-119.7404905815859, 34.463700552746126], [-119.74048456556673, 34.463687623613005], [-119.74047804037751, 34.46367486498262], [-119.74047100526927, 34.46366229309536], [-119.7404634724774, 34.46364992039889], [-119.74045545097206, 34.46363775938777], [-119.7404469476035, 34.463625825291665], [-119.74040354799807, 34.46355772254259], [-119.74036014953307, 34.46348961886063], [-119.74035150968497, 34.46346948884858], [-119.74034657655925, 34.46345961702574], [-119.74034124254582, 34.46344988800405], [-119.74033551445702, 34.4634403152107], [-119.74032939580292, 34.46343091031679], [-119.74032289652891, 34.463421680392884], [-119.74031602457327, 34.46341264065329], [-119.74030878552838, 34.463403798230935], [-119.74030118832667, 34.463395163817545], [-119.74029324188173, 34.4633867472035], [-119.74028495627077, 34.463378561769], [-119.74027634021895, 34.46337060829054], [-119.74026740280944, 34.463362904670966], [-119.7402581550381, 34.4633554561624], [-119.74024861011513, 34.463348269788575], [-119.74023877490927, 34.46334136168079], [-119.74022866129751, 34.46333472716031], [-119.74021828372891, 34.463328380446384], [-119.74020765218638, 34.46332233041242], [-119.74019677772225, 34.463316585014674], [-119.74018567562902, 34.4633111467388], [-119.74017435692119, 34.46330602173832], [-119.74016283268887, 34.46330121977244], [-119.74014477257886, 34.4632892369623], [-119.74012880040351, 34.463277930205756], [-119.74011251156483, 34.46326558747581], [-119.74009673052642, 34.46325280015817], [-119.7400814803682, 34.46323957874202], [-119.74006677240637, 34.46322594380335], [-119.74005262639949, 34.46321190317395], [-119.74003906021215, 34.46319747823765], [-119.7400260839591, 34.46318268417778], [-119.74001372302853, 34.46316753776189], [-119.74000197235573, 34.463152057096], [-119.73999086170083, 34.46313625978669], [-119.73998039669344, 34.46312015476992], [-119.73996145695455, 34.463087125442335], [-119.7399530036157, 34.46307023508797], [-119.73994523897333, 34.4630531175587], [-119.73993817331144, 34.46303579615023], [-119.73993181344188, 34.46301828428983], [-119.73992616758507, 34.46300061071283], [-119.73991827812347, 34.46297330173772], [-119.739909278981, 34.46294623408746], [-119.739899181569, 34.46291943284472], [-119.73988799311516, 34.46289293126673], [-119.73987573054733, 34.46286675796369], [-119.73986240966752, 34.46284093975831], [-119.7398480388291, 34.46281551169516], [-119.73983264143295, 34.46279049958645], [-119.7398162301478, 34.46276593661143], [-119.73979882281995, 34.46274184325195], [-119.73978044737268, 34.46271825337028], [-119.73976111516023, 34.462695189344515], [-119.73974085723862, 34.46267267868042], [-119.73971968629499, 34.46265075545854], [-119.73969763841208, 34.46262942727607], [-119.73967472965491, 34.46260873357513], [-119.73965098982133, 34.4625886937645], [-119.73962644439362, 34.46256932911807], [-119.7396011255344, 34.462550668027355], [-119.73957505735515, 34.46253271826118], [-119.73954826995471, 34.46251551365051], [-119.7395207962635, 34.462499067247656], [-119.73949266499058, 34.46248339847703], [-119.73953738279164, 34.46242553917698], [-119.73987744961049, 34.46243997447817], [-119.74001640685029, 34.46247700661839], [-119.74114397909653, 34.462777524486], [-119.74115550194001, 34.462780595196485], [-119.74117025374666, 34.462784506804894], [-119.74116522122029, 34.46248804915944], [-119.7411605132088, 34.462193729189124], [-119.74121974336327, 34.46204632479709], [-119.74124622882118, 34.461980488924596], [-119.74126404788713, 34.461936195376744], [-119.74133628242096, 34.46175680735926], [-119.7414771589862, 34.4614051445142], [-119.74161835775946, 34.46105561919279], [-119.74170678794675, 34.46097166793847], [-119.74184654217949, 34.46079890687243], [-119.7420785541676, 34.46051209681556], [-119.74231056348783, 34.46022528722596], [-119.74240481367336, 34.46010877325456], [-119.7423888133335, 34.45999702613821], [-119.74237313644964, 34.459887416713634], [-119.74234629861512, 34.45969994710441], [-119.74231978541873, 34.459514616067366], [-119.74229294893163, 34.45932714732676], [-119.74226643599157, 34.45914181717422], [-119.74226029190076, 34.45909894320506], [-119.74225447013474, 34.45905820694632], [-119.74237611874928, 34.45880868824631], [-119.7423931462785, 34.45877375786448], [-119.7425277542434, 34.45849766137725], [-119.74250729034785, 34.4583168166996], [-119.74248714993143, 34.45813810880939], [-119.74246790125542, 34.45796798902341], [-119.74244897604596, 34.45780000602572], [-119.74245614459397, 34.457772050871306], [-119.7425410433842, 34.45744090331711], [-119.7426259458142, 34.45710975383001], [-119.74271084762542, 34.45677860697948], [-119.7427342828792, 34.456687211043295], [-119.74281697578748, 34.45636467058968], [-119.74291759008423, 34.45597223217056], [-119.74274920532604, 34.45586066590003], [-119.7427551277091, 34.45574537237889], [-119.74276137348217, 34.45563221655087], [-119.74276866770765, 34.4554952563152], [-119.74278722033932, 34.45514692185849], [-119.74283160511908, 34.45508889378977], [-119.74307839685235, 34.45476625272508], [-119.74332518680517, 34.45444361746037], [-119.74371046034615, 34.45393993031926], [-119.7449013712495, 34.45464184788984], [-119.74507227011075, 34.454742574064106], [-119.7453361234839, 34.45489868265884], [-119.74549029040863, 34.45469934524496], [-119.74542765140477, 34.454598653770695], [-119.74531307056495, 34.454414462062545], [-119.74519848593611, 34.45423027301045], [-119.74508388811397, 34.45404605338836], [-119.74495626125027, 34.45384088616597], [-119.74491514074947, 34.45377478636484], [-119.74483950069046, 34.4536549049297], [-119.74485107919004, 34.45356511987548], [-119.74480259109997, 34.453525981889165], [-119.74469532684188, 34.45343939984787], [-119.74468733728544, 34.45333810700264], [-119.7446796711759, 34.453238950944424], [-119.74450970283004, 34.45317960602065], [-119.74450080606957, 34.45315230278148], [-119.74448745602405, 34.45311100941936], [-119.74447045157761, 34.453058423930464], [-119.74445362494188, 34.45300616769313], [-119.74440720275234, 34.45286258328764], [-119.74436826383065, 34.4528378065122], [-119.74413150279399, 34.45268713207486], [-119.74405611770051, 34.452534582125196], [-119.74410843287215, 34.45254336966038], [-119.74438570005967, 34.45258994687586], [-119.74451371294185, 34.45261146471694], [-119.74464675872707, 34.45263380179479], [-119.74468267183408, 34.45263983413126], [-119.74487192199678, 34.452671626335835], [-119.74497496122683, 34.452688935037756], [-119.745097085471, 34.452709450458954], [-119.74526216619765, 34.45273717967257], [-119.74532224472168, 34.45274727062128], [-119.74554088309111, 34.452783997599305], [-119.74575951837006, 34.452820723328934], [-119.74578761830097, 34.45282544404048], [-119.7459781603897, 34.45285744947196], [-119.74610610174776, 34.452878941427294], [-119.74620720481843, 34.452895924405105], [-119.74650742186387, 34.45294635110523], [-119.74658232064961, 34.452950077887174], [-119.74660330194403, 34.45147709997776], [-119.7466670708978, 34.45147687624577], [-119.7466702199811, 34.45084593200646], [-119.74667154948553, 34.450579535744694], [-119.74667345995098, 34.45019664938889], [-119.74667425531575, 34.45003735445712], [-119.7467041557964, 34.450037305394716], [-119.74671574286823, 34.45003728554914]], [[-119.74516124026356, 34.44878400829996], [-119.74526078129162, 34.44878456279717], [-119.74552796278917, 34.44878604970344], [-119.74552425831054, 34.44918734303486], [-119.74542630896296, 34.44918724643263], [-119.74523145716061, 34.44918699284885], [-119.74491050366372, 34.44918657798538], [-119.74431551105607, 34.449185798864505], [-119.74432007345922, 34.449159341718605], [-119.74434677432183, 34.44911313914127], [-119.74440052592385, 34.44902013835016], [-119.74443600680091, 34.448958757221455], [-119.74452682592437, 34.448801624897435], [-119.74453901416186, 34.44878054017506], [-119.74516124026356, 34.44878400829996]], [[-119.75826020595248, 34.449640061179764], [-119.75825227660677, 34.44925962740138], [-119.75825001736948, 34.44915135443573], [-119.75808637132207, 34.449152074045024], [-119.75808406694132, 34.44904144659448], [-119.75846527535104, 34.448739271960186], [-119.75857995801597, 34.44875416871454], [-119.75859561816972, 34.4487541662361], [-119.75892959617484, 34.44875407563619], [-119.75924363558939, 34.44875399371895], [-119.75973407659984, 34.448753860951896], [-119.75975076998982, 34.44898932117145], [-119.75974688844146, 34.449144782379555], [-119.75974587559318, 34.44925295042434], [-119.75974403330294, 34.449448971228954], [-119.75974224531414, 34.449639579472944], [-119.75928851881594, 34.449639728935765], [-119.75928794585748, 34.449452619130355], [-119.75928732720874, 34.4492550020267], [-119.75902186408523, 34.449256192101046], [-119.75902543331652, 34.449639815153354], [-119.75874178196447, 34.449639904983265], [-119.75874986876232, 34.449257407760044], [-119.75849110202256, 34.44925856361907], [-119.75849053553422, 34.44946962541144], [-119.7584380086097, 34.44946950579996], [-119.75844090703198, 34.44963843775463], [-119.75843050421919, 34.4496400041351], [-119.75826020595248, 34.449640061179764]], [[-119.75072336392628, 34.44659906463202], [-119.75095886611543, 34.446599391666865], [-119.75099203473357, 34.44659943772694], [-119.7509913400766, 34.44694292518977], [-119.75095952941756, 34.44694286854565], [-119.75065702552358, 34.446942585940576], [-119.75052696833852, 34.446942464493404], [-119.75052735447949, 34.446752512549516], [-119.75052766646635, 34.44659879217052], [-119.75072336392628, 34.44659906463202]], [[-119.74886671301229, 34.446131209324385], [-119.74886820382054, 34.446287945872136], [-119.74854394185508, 34.4462866056635], [-119.74821225538044, 34.446285234521824], [-119.74821407860262, 34.4459825635164], [-119.74788239332554, 34.44598119057159], [-119.74788056782859, 34.446283862489096], [-119.74751571317007, 34.44628235236257], [-119.74726840691314, 34.44628132847748], [-119.74727000249084, 34.446017125604655], [-119.7472705324148, 34.44592941536478], [-119.74727099750808, 34.44585225637494], [-119.74674542693126, 34.445850077611844], [-119.74674737584675, 34.445575297718264], [-119.74674815671885, 34.445465385920826], [-119.74674956031733, 34.445267544350834], [-119.74675054604839, 34.445128643055384], [-119.74675191145624, 34.444936296742696], [-119.74722681262391, 34.44493826561112], [-119.7475584948242, 34.44493964033251], [-119.74789017484039, 34.44494101327715], [-119.74822185595558, 34.44494238529945], [-119.74855353815083, 34.44494375549795], [-119.74888521930563, 34.4449450229173], [-119.74890462438377, 34.444944996547186], [-119.74928230977709, 34.444946518479846], [-119.74928242229733, 34.44486375260306], [-119.74928298876256, 34.44444860492938], [-119.74928335280127, 34.44418208886979], [-119.74998641585954, 34.44418498829196], [-119.75072018862394, 34.44418801032788], [-119.7509754148495, 34.44418906065274], [-119.75101869832058, 34.44418923841571], [-119.7510173315697, 34.4444172798683], [-119.75101687075173, 34.44449421796216], [-119.75101442124515, 34.4449032021474], [-119.75101343258163, 34.445068072335935], [-119.75101257693449, 34.44521095813071], [-119.75101176888347, 34.445345601162614], [-119.75101094677692, 34.44548299175415], [-119.75100877827957, 34.445592897539385], [-119.75100637358273, 34.44599407898073], [-119.75096009138495, 34.445993883166025], [-119.75073620400173, 34.44599293681819], [-119.75064152035362, 34.4459925367742], [-119.75051563107343, 34.445992005349886], [-119.75047922684962, 34.44599185166425], [-119.75020419287641, 34.44599068833715], [-119.7501433729534, 34.445990431436904], [-119.74987250786451, 34.445989284761524], [-119.74963285060834, 34.445988269892894], [-119.74954082177575, 34.44598788029483], [-119.74942838283627, 34.445987403537366], [-119.74920913676722, 34.44598647400438], [-119.74912462499228, 34.445986116368154], [-119.748866747702, 34.44598502364569], [-119.74886671301229, 34.446131209324385]], [[-119.74252836213407, 34.434480652158335], [-119.74249238842643, 34.4346388583209], [-119.74249182525118, 34.43464361635232], [-119.74249168068093, 34.434648408945314], [-119.74249195384805, 34.434653194635985], [-119.74249264073454, 34.43465793741577], [-119.7424937406048, 34.434662602130366], [-119.74249496298165, 34.434665840463346], [-119.74249703027934, 34.43467029652277], [-119.74249895651671, 34.43467550028071], [-119.74250167388898, 34.434684760059696], [-119.74250356951971, 34.43469422189285], [-119.74250463968629, 34.4347038118976], [-119.74250486552944, 34.43471346091705], [-119.74250475991286, 34.434715122389136], [-119.74250425191671, 34.43472308953538], [-119.7425028006968, 34.43473263010146], [-119.74250052122085, 34.43474200944656], [-119.74249743801401, 34.434751151478956], [-119.74249356386083, 34.43475999109538], [-119.74248893868715, 34.434768460097885], [-119.74248359056479, 34.43477649586861], [-119.74247756266453, 34.43478402926125], [-119.74246983556118, 34.434791904445724], [-119.74246634606601, 34.43479546382855], [-119.7424631119446, 34.4347993179922], [-119.74246022609702, 34.434803434044234], [-119.74245770784155, 34.4348077990839], [-119.74245557893049, 34.43481236050257], [-119.74245385727362, 34.434817090091556], [-119.74244818687295, 34.434837808722214], [-119.7422626957943, 34.434789014418186], [-119.74188283874676, 34.43468653918275], [-119.74192305256683, 34.43451794111832], [-119.74194234523283, 34.43443555807666], [-119.74186873926305, 34.43443664119417], [-119.74159293772, 34.43443766906484], [-119.74160094311283, 34.43422892460218], [-119.74160803047504, 34.43404408638536], [-119.7416145238324, 34.43387481572659], [-119.74162101265314, 34.433705641607816], [-119.74162796455822, 34.43352437319273], [-119.74163459591354, 34.43335145423407], [-119.74165473328287, 34.43297629392091], [-119.74165504954239, 34.43295566933226], [-119.7407124916798, 34.43250913633508], [-119.74072237979445, 34.43216015419526], [-119.74072860615874, 34.43194033949707], [-119.7407348075767, 34.43172146738689], [-119.74074171099988, 34.43147782202728], [-119.74111316288987, 34.43148103226457], [-119.74112889460073, 34.431328776765845], [-119.74161746907473, 34.43132538747032], [-119.74162437959446, 34.430874956233176], [-119.74162599052423, 34.43079203453061], [-119.7416874750386, 34.43046964427713], [-119.7413596183277, 34.430312204212356], [-119.74079253979367, 34.43003988093519], [-119.74079943669496, 34.429844716958996], [-119.7417849621735, 34.43026524301674], [-119.74182353694113, 34.43028449314409], [-119.74215049829957, 34.43036481506152], [-119.7422501273665, 34.430419839705046], [-119.74250780197744, 34.43056215221539], [-119.74262705316018, 34.43063130048932], [-119.7428924584576, 34.430780060710916], [-119.74295072105919, 34.43081272110365], [-119.74317036361444, 34.43092440202846], [-119.74335860136345, 34.431036275153446], [-119.74358163527968, 34.43116892609873], [-119.74379345120236, 34.431280658910104], [-119.7437248075551, 34.4315258809955], [-119.74371518929276, 34.43155551796165], [-119.7436698776552, 34.431722282095], [-119.74364963899397, 34.431794298249976], [-119.74362308488833, 34.43188936234014], [-119.7435761444653, 34.4320569874842], [-119.74356320069218, 34.4321031076896], [-119.74352954365722, 34.43222337876186], [-119.74351940161053, 34.432259554860416], [-119.74348220678586, 34.43239240893457], [-119.74347478421876, 34.43241892162545], [-119.74343604892324, 34.43255887224501], [-119.74342985892312, 34.4325810022826], [-119.74339003918945, 34.43272477888371], [-119.74338529269731, 34.43274173789196], [-119.74334333088319, 34.43289319223584], [-119.74334089137804, 34.43290188593364], [-119.74329770616797, 34.43305770293792], [-119.74329618929706, 34.43306311395712], [-119.7432489918678, 34.43323334031722], [-119.7432085972302, 34.433358779939795], [-119.74315936064943, 34.43353282613751], [-119.7431351198054, 34.4336185192651], [-119.74311317585075, 34.43369608788795], [-119.74308558280526, 34.43379361656915], [-119.74306698976426, 34.43385934873324], [-119.74304016841782, 34.433958865291686], [-119.74302317735972, 34.43402190281086], [-119.74299345279894, 34.4341256961676], [-119.7429743823881, 34.4341922845364], [-119.74294573172713, 34.43429233138104], [-119.7429263123757, 34.43436013748618], [-119.74256916253526, 34.43430135716023], [-119.74252836213407, 34.434480652158335]], [[-119.73889899440874, 34.43138346884934], [-119.73704597542597, 34.43139555256044], [-119.73519327900554, 34.43140974478377], [-119.73375058284869, 34.4314199472072], [-119.73375867144244, 34.43034042403669], [-119.73376708289977, 34.429263038510264], [-119.73381111495159, 34.428991537425524], [-119.73395303559057, 34.42882198149442], [-119.73435396232178, 34.42872254192963], [-119.73464463632996, 34.428650475148245], [-119.73539278443931, 34.42867233970873], [-119.73614967710537, 34.42869444868536], [-119.73706294869798, 34.42867177689985], [-119.73738008789081, 34.42871469178185], [-119.73769014578747, 34.42875651529336], [-119.73828935560668, 34.42892195060283], [-119.73849601146144, 34.42897899876975], [-119.73889356103318, 34.42908872156309], [-119.73889611553533, 34.43023502640368], [-119.73889899440874, 34.43138346884934]], [[-119.74075130047534, 34.42848835621394], [-119.74073281751008, 34.42848165975507], [-119.74071499030323, 34.428473382290186], [-119.7406979527385, 34.42846357780102], [-119.74053282519354, 34.428373694132056], [-119.74034331271719, 34.4282705396533], [-119.73975031396655, 34.42788703392689], [-119.73923195869627, 34.42753725281884], [-119.73881023980137, 34.42722645965161], [-119.73869919430555, 34.42714540631533], [-119.73858833188699, 34.42706649259821], [-119.73838108418258, 34.42691570221315], [-119.738012590787, 34.42665292506897], [-119.73791561851466, 34.42662386011402], [-119.73779688584024, 34.42658827227619], [-119.73745029706643, 34.42648168781068], [-119.73710389419554, 34.42637724294796], [-119.73682306776055, 34.426290684754434], [-119.736489422369, 34.42619103173463], [-119.73615586863009, 34.42609244766679], [-119.73590911641544, 34.426048067946084], [-119.73618332130981, 34.42594866839958], [-119.73634008074565, 34.425824429968735], [-119.73672582825074, 34.42566199419834], [-119.73721421307681, 34.42451692694668], [-119.73730941109555, 34.42429372638657], [-119.73752137504856, 34.423941060002946], [-119.73761057214293, 34.42379250515212], [-119.73777260441045, 34.423601495288075], [-119.73783968780262, 34.423522414359795], [-119.73793720587, 34.42340745487155], [-119.73812463384166, 34.42318407801528], [-119.73841033295255, 34.42316473637676], [-119.73848645607889, 34.42315951117434], [-119.73852094788438, 34.42315714493291], [-119.73876498485983, 34.42306773747649], [-119.73905452064236, 34.422961660975176], [-119.73918365953917, 34.4229143503023], [-119.7395363591883, 34.42278513195943], [-119.73959382982846, 34.4226130365324], [-119.73965148310938, 34.42244308079651], [-119.739701596191, 34.42229418775425], [-119.73971245923079, 34.42227917258523], [-119.73983936266171, 34.42210376831307], [-119.73998712334, 34.421899539770486], [-119.7400335679296, 34.42183534521705], [-119.74029363977253, 34.421832798577675], [-119.7404312388781, 34.4218314489781], [-119.74045683778404, 34.421732465295456], [-119.74050522361286, 34.42154536809939], [-119.740560173036, 34.42133289324013], [-119.7405863918159, 34.421231513932995], [-119.74061366349115, 34.421126060235224], [-119.74063484757126, 34.42104414607103], [-119.74074655456978, 34.42089674352549], [-119.74081737579776, 34.420810994443045], [-119.74115380043206, 34.4206120567353], [-119.74160651968882, 34.4203443403017], [-119.74169106674562, 34.420149499191595], [-119.74173503009176, 34.42004818757454], [-119.7417814834953, 34.41994113537521], [-119.74178777879085, 34.419926613895626], [-119.74185221142781, 34.419778124638505], [-119.74195111837494, 34.41967661621614], [-119.74208019818391, 34.41954413959115], [-119.74212385640911, 34.419499335640324], [-119.7421765955121, 34.41948736322268], [-119.74233120481988, 34.41945149856479], [-119.74230709121672, 34.41937787276957], [-119.74230707958543, 34.41937783687026], [-119.74228964905292, 34.419324616113464], [-119.74228962697231, 34.4193245488062], [-119.74226026236056, 34.41923489117713], [-119.74222992240209, 34.41914406367249], [-119.74214284933477, 34.418883395680815], [-119.74214673855164, 34.41888123984734], [-119.74207521263445, 34.41867508106281], [-119.74200159598789, 34.418462892209796], [-119.74211039770793, 34.41843706572082], [-119.74250828113226, 34.41834216472454], [-119.74289385062924, 34.41825023091153], [-119.74282742253375, 34.41805876848113], [-119.74276099474359, 34.41786730601204], [-119.74237538747744, 34.417959124558365], [-119.74186874388356, 34.41807996723955], [-119.74170978767711, 34.41790513609874], [-119.741615055052, 34.41780251345962], [-119.74158831883004, 34.41777319580753], [-119.74152184676461, 34.417697279292256], [-119.74135052648238, 34.417501616556876], [-119.74132054480897, 34.4173757541943], [-119.74131943424149, 34.417371812753075], [-119.74129526936022, 34.41728608632291], [-119.74128533097216, 34.417250827130374], [-119.74124483308708, 34.41712591370752], [-119.74119937595954, 34.41700437154839], [-119.74114864692001, 34.4168820683195], [-119.74099359919629, 34.41653149979145], [-119.74085527294045, 34.416217105501225], [-119.74072973009041, 34.415933406735235], [-119.74047039079056, 34.41534557123611], [-119.74035751510398, 34.41504663800015], [-119.74031387402479, 34.41465202331276], [-119.74026171360306, 34.4142638713317], [-119.74027269555626, 34.41412212603594], [-119.74029021697012, 34.414048220683945], [-119.7405445879656, 34.41361625539231], [-119.74073255349941, 34.41379008368299], [-119.740801246969, 34.413853679978885], [-119.74077414426284, 34.41387380365572], [-119.740719704179, 34.41391422477278], [-119.74085555294253, 34.414056509774014], [-119.74090147267847, 34.41423391499242], [-119.7410043356431, 34.414394081699974], [-119.7411666683402, 34.41451582503894], [-119.74126161885954, 34.41447065280644], [-119.74151017912365, 34.414874429551865], [-119.7415862642581, 34.41561570639951], [-119.74213720284601, 34.4161255529827], [-119.74223890223074, 34.41655464841256], [-119.74219673966536, 34.41676217163523], [-119.74268420256834, 34.41732101954746], [-119.7429668667611, 34.41744875867512], [-119.7431553831523, 34.41760302023693], [-119.74329551025909, 34.41773978698153], [-119.74355963032514, 34.41799064706966], [-119.74394900886801, 34.41808253254827], [-119.7447160229689, 34.418432130842845], [-119.74535620963587, 34.418749566919765], [-119.74543903018284, 34.418790633155965], [-119.74561779482336, 34.418876687245216], [-119.74600747130103, 34.41907698843565], [-119.74630364822431, 34.419248168489965], [-119.7465171203926, 34.41965958809282], [-119.74605765442712, 34.42000487925165], [-119.7450726302503, 34.420716429411634], [-119.74524563247427, 34.420900700140656], [-119.74537510667999, 34.42103860609497], [-119.7452840165955, 34.42110308906372], [-119.74514328447806, 34.42120271256613], [-119.74511404145039, 34.421226998487946], [-119.74508702595655, 34.42125373913184], [-119.74507490317444, 34.42126803807111], [-119.7450624448614, 34.421282733157476], [-119.74504983533538, 34.42130054565546], [-119.74504048070395, 34.421313760639826], [-119.74502509158133, 34.42134010947529], [-119.74502130917682, 34.42134658642405], [-119.74500998398018, 34.42137054779709], [-119.74500506634278, 34.4213809533839], [-119.74499639315154, 34.42140441494912], [-119.74499188610892, 34.42141660532568], [-119.74498530685155, 34.42144066251581], [-119.74498185851466, 34.42145326955523], [-119.74497506487948, 34.421490672601884], [-119.74497156217738, 34.421528521508534], [-119.74497137320715, 34.42154645555066], [-119.74497136726872, 34.42156653020657], [-119.74497283525248, 34.42158440434302], [-119.74497448733767, 34.42160441817618], [-119.7449770690195, 34.421619984268304], [-119.74497997218664, 34.421637496026825], [-119.74500375369611, 34.421731791259454], [-119.7450113992223, 34.42177872359408], [-119.74501922994735, 34.421827795609026], [-119.74502401596519, 34.421879086235165], [-119.74502305973851, 34.42192110835745], [-119.74502288217141, 34.42192894003067], [-119.74502181165805, 34.421975997767916], [-119.74501630603162, 34.42202585315055], [-119.74501117068027, 34.42207234902816], [-119.74500157190043, 34.422120447355894], [-119.74499233047317, 34.422166750745006], [-119.74493806069586, 34.422166073549654], [-119.74488393465849, 34.42217012797972], [-119.74483037283657, 34.422178885444815], [-119.74477777312032, 34.42219227800698], [-119.74472654569824, 34.42221020148579], [-119.74467707187422, 34.42223252326365], [-119.74462973324819, 34.42225907284973], [-119.74458488673599, 34.42228964404226], [-119.7445428779622, 34.422324010965696], [-119.74450402235333, 34.42236190850619], [-119.74446862066851, 34.422403046514646], [-119.7444369351633, 34.42244711465746], [-119.74440921558231, 34.422493776632955], [-119.7443856622514, 34.422542674308545], [-119.74437476281794, 34.42256983669805], [-119.74434486294507, 34.42264030679932], [-119.74432781845272, 34.422672373330194], [-119.7443089357636, 34.42270790071915], [-119.74426725236216, 34.42277210691871], [-119.74422013548548, 34.4228324383623], [-119.74416793444095, 34.422888429271936], [-119.7441110538711, 34.422939658156814], [-119.74405611464125, 34.42298144305959], [-119.74379626857097, 34.42316140334272], [-119.74353660542683, 34.42334350186442], [-119.74347321343446, 34.423391630361024], [-119.74341425501318, 34.42344509784231], [-119.74324357880273, 34.42361816409068], [-119.7430855829502, 34.42377846157909], [-119.74305659960021, 34.423805400439775], [-119.74302721489056, 34.42383271113504], [-119.74300676342152, 34.423848636219404], [-119.74296434123504, 34.42388167044953], [-119.7429455682457, 34.42389466354898], [-119.74287717756361, 34.42398588175618], [-119.7430459291938, 34.42424012420135], [-119.74321642220876, 34.42449698866871], [-119.74330098821126, 34.42462439323752], [-119.74337162041195, 34.42473080721377], [-119.74351036406622, 34.424939833818016], [-119.74355933935415, 34.42501361955234], [-119.7435773183649, 34.42504621759597], [-119.7436046093639, 34.4251049038531], [-119.74361863267694, 34.42514356110726], [-119.74362668130036, 34.42516574796679], [-119.7436345286075, 34.42519515821409], [-119.74364336774823, 34.42522828527221], [-119.74364880526886, 34.42525932429625], [-119.74365453459282, 34.425292035311315], [-119.74365723177853, 34.42532320750216], [-119.74366011304174, 34.425356519391144], [-119.74366008487985, 34.42538339557923], [-119.74366007985162, 34.42538772903005], [-119.74366007405466, 34.42539394876491], [-119.74366004482137, 34.42542124153533], [-119.74365727599883, 34.42545249771445], [-119.74365433383134, 34.4254857129878], [-119.74364895947411, 34.4255160057804], [-119.74364780330272, 34.42552252607566], [-119.74364302746427, 34.42554944346484], [-119.74363200738705, 34.425578825591344], [-119.74361966811507, 34.4256117233187], [-119.74360541534803, 34.42564152700453], [-119.7435909707773, 34.4256717328811], [-119.7435784393503, 34.42569295867101], [-119.74355715215349, 34.42572901279305], [-119.74355428845683, 34.42573333774561], [-119.74355045859333, 34.4257391219478], [-119.74337399349388, 34.42599265449757], [-119.74328573943633, 34.4261194520852], [-119.74321622910334, 34.42621931903468], [-119.74299420626043, 34.426538301732094], [-119.74299095340133, 34.42654301186147], [-119.74286272062109, 34.42672452558604], [-119.74281252162146, 34.426797725918206], [-119.74280700980253, 34.42680576496905], [-119.74275162724243, 34.42688652443331], [-119.74294074798145, 34.42688595382885], [-119.74301421070591, 34.42688609196863], [-119.74340631976993, 34.42688673757948], [-119.74382809772962, 34.42688347767413], [-119.7435622624341, 34.42719111724188], [-119.74348969300428, 34.42727508966305], [-119.74342810033525, 34.42734636758284], [-119.74334557497953, 34.42744186737368], [-119.74326035730972, 34.42754048316495], [-119.7432349541417, 34.42756988261303], [-119.74305108379782, 34.427782656892965], [-119.74304576531961, 34.4277888096076], [-119.74294263034045, 34.427908157532336], [-119.74283959815092, 34.428027387573145], [-119.74282026329864, 34.42804976777477], [-119.74267977604553, 34.42822440274012], [-119.7426267126619, 34.42828692339137], [-119.74257334440519, 34.4283498027503], [-119.74250142764764, 34.42843453608752], [-119.7424307946771, 34.42851775688759], [-119.74237438366822, 34.428584226091075], [-119.74228634069696, 34.428686779616804], [-119.7421984804854, 34.428791473694865], [-119.74215448442446, 34.428844391054], [-119.74200272588834, 34.42902211566427], [-119.74162013799946, 34.42885214847095], [-119.74123773678043, 34.42868431975487], [-119.74075130047534, 34.42848835621394]], [[-119.73596028556408, 34.42698675233548], [-119.73664810627604, 34.427368681538105], [-119.73733625647372, 34.427752745445495], [-119.73625558653828, 34.427549005401076], [-119.7362336659657, 34.42764848993017], [-119.73579693868025, 34.427586641882016], [-119.73482191659289, 34.427448555285544], [-119.73438022030504, 34.42738380497586], [-119.73395515929047, 34.427321468839835], [-119.73396625757772, 34.42711441922906], [-119.73398098037424, 34.42683974119658], [-119.73403230764718, 34.426749545762114], [-119.73415494726895, 34.42653402720032], [-119.73437886912798, 34.42640792584178], [-119.73464548207349, 34.42637154169053], [-119.73481490010215, 34.426445839899486], [-119.73537557334986, 34.42676414236489], [-119.73542671434943, 34.42679317622269], [-119.73548258899758, 34.42672081481868], [-119.73596028556408, 34.42698675233548]], [[-119.74225617471436, 34.414098270820574], [-119.74166548027333, 34.41405820824291], [-119.74185400532375, 34.413475158553055], [-119.74225189427442, 34.41319818472751], [-119.74355850272107, 34.41322380153679], [-119.74363100501114, 34.41297764985913], [-119.74344240681852, 34.412917108028104], [-119.74333543177018, 34.41271769454322], [-119.74321355106765, 34.41260461916291], [-119.74309185472843, 34.41249368336021], [-119.74297894491134, 34.41231395878685], [-119.74270276421635, 34.41217615345806], [-119.7423877404293, 34.412129042819124], [-119.74257608309864, 34.411864317629075], [-119.74252997196889, 34.411499228743835], [-119.7424001736273, 34.410470539692966], [-119.74234323569402, 34.41001976998494], [-119.74249608954493, 34.41000713250197], [-119.74375571633907, 34.40989943291117], [-119.74390966592773, 34.41006740493404], [-119.74402003631351, 34.41018782595691], [-119.74412629866411, 34.41021948243438], [-119.7443747290733, 34.41029349169437], [-119.74466629078947, 34.41038034895269], [-119.74490816582237, 34.41045417553524], [-119.74516214534876, 34.4105299688934], [-119.74517031258134, 34.41053049875256], [-119.74545193820379, 34.41050995148903], [-119.7459749692537, 34.41047178921245], [-119.74654070852066, 34.41042222301193], [-119.7468208332062, 34.41039767817607], [-119.74678572055045, 34.41061110769802], [-119.74674921701731, 34.41083469010965], [-119.74671570677062, 34.41103993468046], [-119.74667880173614, 34.41126597085336], [-119.74665564097317, 34.4114078292119], [-119.74664585230484, 34.41146778100363], [-119.74660899999995, 34.411693496294724], [-119.7466038689805, 34.411724923664885], [-119.74660319208189, 34.4117290648263], [-119.74660047813992, 34.41174568997447], [-119.74655606627887, 34.41201933372685], [-119.74716720677091, 34.4124574903714], [-119.74696264017938, 34.41266331481183], [-119.74720947682842, 34.41300521683749], [-119.74772754526984, 34.413438429784016], [-119.7481310931691, 34.413775875014004], [-119.74831106769018, 34.41390175473249], [-119.74846434487682, 34.41400896158362], [-119.74853515131981, 34.4140584842521], [-119.7489355209464, 34.41433851161858], [-119.74935642809692, 34.41471154539592], [-119.74974970208758, 34.41506199309362], [-119.74997175095167, 34.415254266744704], [-119.7500845699182, 34.41516766705273], [-119.75013550472627, 34.415221047953594], [-119.750237364503, 34.41532779811386], [-119.75027023945353, 34.415362251333086], [-119.75046977368066, 34.41557136476716], [-119.75093234330792, 34.416056136241025], [-119.7511579870474, 34.416290386850825], [-119.75090880804119, 34.41646492881309], [-119.75034743637697, 34.41685786675716], [-119.74974133676929, 34.417284463475156], [-119.74961268641995, 34.41737205669069], [-119.74907745181781, 34.417746696384114], [-119.74878320599726, 34.41763533579618], [-119.74767896324033, 34.41748184474315], [-119.74690973368921, 34.41754806106715], [-119.74640568985502, 34.41743557338901], [-119.7461137612176, 34.417147147219126], [-119.74467106431476, 34.41642768428876], [-119.74338088316598, 34.415636715941865], [-119.74309529452135, 34.41467505953918], [-119.74225617471436, 34.414098270820574]], [[-119.74775209789928, 34.40986004581231], [-119.74776938514256, 34.409855239663955], [-119.74781525344407, 34.40984543032124], [-119.74786180362555, 34.4098396541838], [-119.74790868090547, 34.40983795693936], [-119.74795552547128, 34.40984035188906], [-119.74800198333615, 34.40984681888887], [-119.74804769998326, 34.409857312556596], [-119.74809233210222, 34.409871751282544], [-119.74813553356346, 34.40989002284153], [-119.74817697518401, 34.40991199312473], [-119.74819721010041, 34.40992509650659], [-119.74821634869912, 34.40993748804884], [-119.7482533466654, 34.409966320895975], [-119.74826916672424, 34.4099789514239], [-119.74828615665196, 34.40999439810526], [-119.74830119683315, 34.410008072275005], [-119.74840352915656, 34.410109660467704], [-119.74850922823985, 34.41021458937994], [-119.74874439878216, 34.41044805226903], [-119.74887796238376, 34.41058064417448], [-119.74889753577652, 34.41059943114058], [-119.74894120451431, 34.410636252782076], [-119.74898791492654, 34.41066912724626], [-119.74903731585619, 34.41069780712902], [-119.74908902303453, 34.410722074357345], [-119.74912933065845, 34.41074010869569], [-119.74918642436624, 34.41076065367333], [-119.74924508838654, 34.41077614109393], [-119.74930488086075, 34.41078646011286], [-119.74936534740816, 34.41079152531345], [-119.74942602167535, 34.41079130284735], [-119.74949161377693, 34.410785350573995], [-119.74973283602222, 34.41076479917639], [-119.74982650607971, 34.41075681680067], [-119.74984917359609, 34.41075337718595], [-119.74987205697308, 34.41075192712499], [-119.74989497801722, 34.41075247730403], [-119.74991776145737, 34.41075502213721], [-119.74994024045763, 34.41075954329392], [-119.74996223700336, 34.41076600817833], [-119.74998358676388, 34.41077436235739], [-119.75000412645808, 34.410784549579716], [-119.75002370202478, 34.410796486411144], [-119.7500421603387, 34.41081008219059], [-119.75005936548632, 34.410825236992295], [-119.75007518441889, 34.410841831914055], [-119.75008949589936, 34.41085974067013], [-119.75010219279129, 34.41087883496779], [-119.75011317933429, 34.410898958398676], [-119.75012236762714, 34.410919966162595], [-119.7501296900159, 34.410941693330535], [-119.75013509189752, 34.41096397478495], [-119.75013850356751, 34.41098851567308], [-119.7501352519852, 34.41101234573645], [-119.75013028682655, 34.41103425564474], [-119.75012343198365, 34.41105565002352], [-119.75011473296928, 34.4110763650149], [-119.75010426807589, 34.41109624350106], [-119.75009210809648, 34.41111513388229], [-119.75007834576579, 34.41113289325894], [-119.75006309238377, 34.411149382069986], [-119.7500464586554, 34.411164484206246], [-119.75002857150538, 34.41117807881606], [-119.75000956688139, 34.41119006024601], [-119.74998958868552, 34.411200338957805], [-119.74996879308658, 34.4112088396627], [-119.74994733642427, 34.41121549518471], [-119.749925375417, 34.41122025637564], [-119.74990309198783, 34.411223082740285], [-119.74988064456784, 34.41122395486081], [-119.74985912176336, 34.411225028231044], [-119.74983443965549, 34.411224239267305], [-119.74890014110984, 34.41122993284954], [-119.74887441407486, 34.41122771970786], [-119.74884268785149, 34.4112275109101], [-119.74881106099727, 34.41123006606759], [-119.74877978012951, 34.41123536900075], [-119.74874907830326, 34.4112433793809], [-119.74871919353886, 34.411254034266555], [-119.74869035040837, 34.411267251975396], [-119.74866277094954, 34.41128293373031], [-119.74863666047035, 34.411300961159], [-119.74861221939923, 34.411321190713146], [-119.74858964064649, 34.41134348346128], [-119.74856908561065, 34.411367650433284], [-119.74855071494386, 34.41139351889978], [-119.7485346713675, 34.411420891143266], [-119.7485210755487, 34.41144955533778], [-119.74851002310247, 34.411479298214985], [-119.74850161260427, 34.41150989203734], [-119.74849589342301, 34.411541097153155], [-119.74849431495197, 34.411555822406825], [-119.74849292064957, 34.411572687353214], [-119.74849270971052, 34.411604412655095], [-119.74849526874087, 34.411636038509414], [-119.74850057080731, 34.41166731824921], [-119.74854923948077, 34.411795172740604], [-119.74859809247613, 34.41192516690404], [-119.74860148925585, 34.41193797922794], [-119.74860515339496, 34.4119574122049], [-119.74860710800402, 34.41197708623024], [-119.74860733914058, 34.41199685543591], [-119.748605848164, 34.41201657733983], [-119.7486026457304, 34.412036085882356], [-119.74859775401535, 34.412055245494436], [-119.74859120794306, 34.41207390599647], [-119.74858306319716, 34.412091921417776], [-119.74857751167896, 34.41210069167865], [-119.7485650492441, 34.41211779105126], [-119.74855114936051, 34.41213373718492], [-119.7485359118416, 34.412148413227264], [-119.7482665466487, 34.411831658659025], [-119.74799736874802, 34.4115170431642], [-119.74791147633148, 34.41105746900487], [-119.74782576901235, 34.410600034465794], [-119.7476053653598, 34.410318788062966], [-119.74738514733268, 34.41003968094947], [-119.74729626993546, 34.409867370985154], [-119.74736909660824, 34.40997704748101], [-119.74737194101058, 34.40998086200052], [-119.74737555924429, 34.40998453643201], [-119.74738103787715, 34.4099886808721], [-119.74738715448474, 34.4099918098648], [-119.7473937199602, 34.409993828755574], [-119.74740053937099, 34.40999467633518], [-119.74740739791426, 34.40999432955065], [-119.74741409554993, 34.40999279489101], [-119.74742042331944, 34.40999012045042], [-119.7474742179736, 34.409966606277756], [-119.7475960375299, 34.409913687811546], [-119.7476323766007, 34.409897902598594], [-119.74766285116569, 34.40988524950766], [-119.74770692286165, 34.409870698111554], [-119.74773180107752, 34.40986483221639], [-119.74775209789928, 34.40986004581231]], [[-119.74351781055631, 34.40634287207837], [-119.74362605455363, 34.40635645639241], [-119.74373251091274, 34.406379380476366], [-119.74389650638875, 34.406430974851745], [-119.7443661561088, 34.40658307183972], [-119.74483748130143, 34.40679258776884], [-119.74485187699938, 34.40679725771731], [-119.74497609012907, 34.40684436475137], [-119.7450957256777, 34.40690211943377], [-119.74542758400517, 34.40708055542632], [-119.74554037292951, 34.40713887168017], [-119.74588797463612, 34.407318599117936], [-119.74591024241451, 34.4073312128523], [-119.74596987420566, 34.40736499161164], [-119.74604741697183, 34.407418341788976], [-119.74606714971364, 34.40743462479052], [-119.74612001472182, 34.40747824967566], [-119.74617260589008, 34.407529982615394], [-119.74618711717991, 34.407544257045416], [-119.74624820792177, 34.40761586010191], [-119.74625536408443, 34.40762525695668], [-119.7462638078681, 34.40763634572062], [-119.74636308606013, 34.4077820212102], [-119.74642940038935, 34.40787932565314], [-119.74651725968911, 34.40800824489331], [-119.74661619863407, 34.408153419239014], [-119.7465637129427, 34.408188781863494], [-119.74650055072117, 34.40822767585551], [-119.74649385635237, 34.408231799089876], [-119.74642842121455, 34.408279969612146], [-119.74637103661757, 34.408329707562835], [-119.74623983067174, 34.40843979007975], [-119.74610687002634, 34.408563853630966], [-119.74607324168763, 34.408595232367475], [-119.74596563952876, 34.40869563349669], [-119.74589934570344, 34.4087723680959], [-119.74583323693828, 34.408851242339956], [-119.74591109474586, 34.40891250286664], [-119.7459879825823, 34.40897300007821], [-119.74608729213324, 34.409051142709124], [-119.74613017883416, 34.40908298499929], [-119.74617567509573, 34.409110970260606], [-119.74622344129337, 34.409134881572], [-119.74627310598633, 34.409154541242295], [-119.746324297174, 34.409169796835386], [-119.74634752622589, 34.40917514999999], [-119.74639469128748, 34.40918496521167], [-119.74670299134459, 34.409239105866114], [-119.74675683190885, 34.40925369646263], [-119.74678533571428, 34.409264159922415], [-119.7468091888731, 34.40927291769998], [-119.74683666472126, 34.4092858241297], [-119.74685967538218, 34.40929663449365], [-119.74690789911405, 34.40932465864029], [-119.74695349888783, 34.40935678255374], [-119.74698005090885, 34.40937745835275], [-119.74696918656475, 34.40945311819844], [-119.74659088744015, 34.40956537006141], [-119.7462465332235, 34.40966754907197], [-119.74623685716891, 34.40963069323831], [-119.74622400331094, 34.40959482179306], [-119.74620807306655, 34.409560205576675], [-119.74618918514008, 34.40952710977054], [-119.74616748403459, 34.409495784757645], [-119.7461431380278, 34.409466473365505], [-119.74611632898736, 34.40943939207749], [-119.74609018374382, 34.40941704125999], [-119.74605610302456, 34.40939239184957], [-119.74602000435692, 34.40937080918177], [-119.74598215980829, 34.40935245343989], [-119.74594285524348, 34.40933746837908], [-119.74591079723142, 34.40932803780245], [-119.74584176071507, 34.409307051917494], [-119.74556870929763, 34.40922405707452], [-119.74565962670198, 34.40901512007276], [-119.74575072665526, 34.4088083227131], [-119.74549254702478, 34.4087103047398], [-119.74533534236537, 34.40860612449942], [-119.74525826757895, 34.408555046525905], [-119.74515569166276, 34.408478630936955], [-119.74507437792818, 34.4083871148337], [-119.74504903517614, 34.408304476192946], [-119.74502747115545, 34.40823416658714], [-119.74493130213601, 34.408172798414064], [-119.74487143194877, 34.40814483648565], [-119.7446527217456, 34.40808722753886], [-119.74441157659034, 34.40802370684673], [-119.7443481314335, 34.40800699652555], [-119.74419823378162, 34.407967510324426], [-119.74374586821746, 34.40784834969015], [-119.74343653355297, 34.40776147897979], [-119.74306707056971, 34.40766963714327], [-119.74234567038174, 34.40749030850797], [-119.74231262393245, 34.40748209311128], [-119.74225752220522, 34.4074476280478], [-119.7418535970308, 34.40718503785556], [-119.74161042714067, 34.407027717522396], [-119.74157816845636, 34.407033806284055], [-119.7415431559356, 34.40699777743469], [-119.74158188923734, 34.4068942605055], [-119.74162549359943, 34.40678203839638], [-119.74183515258431, 34.40651406225193], [-119.74198215786778, 34.40632119968813], [-119.74214972245267, 34.405972878335376], [-119.74227128786076, 34.40596254615494], [-119.74261486498794, 34.406209028390876], [-119.74270051306125, 34.40627047381122], [-119.74300501578408, 34.4063074916964], [-119.74312952308095, 34.40633417104025], [-119.74318634222072, 34.406345295863055], [-119.7433800017704, 34.406339686896445], [-119.74340994014968, 34.40633882006871], [-119.74351781055631, 34.40634287207837]]]}, "properties": {"OBJECTID": 1, "Ownership": "City", "Label": "City of Santa Barbara", "Shape__Area": 1044124284.5030766, "Shape__Length": 370299.3426191091}}]}